Genus,Species,Family,Habitat,Length (cm),measurement,Trophic Level,Status,Lake
Alestes,macrophthalmus,Alestidae,pelagic,60,SL,2,native,Tanganyika
Brachypetersius,cadwaladeri,Alestidae,pelagic,4.3,TL,3,questionable,Tanganyika
Brycinus,grandisquamis,Alestidae,pelagic,26,SL,3.2,native,Tanganyika
Brycinus,imberi,Alestidae,demersal,19.8,TL,3.3,native,Tanganyika
Brycinus,kingsleyae,Alestidae,pelagic,16.6,SL,3.1,questionable,Tanganyika
Brycinus,rhodopleura,Alestidae,pelagic,30,SL,3.2,native,Tanganyika
Bryconaethiops,boulengeri,Alestidae,pelagic,25,TL,3.2,questionable,Tanganyika
Hydrocynus,forskahlii,Alestidae,pelagic,78,SL,4,native,Tanganyika
Hydrocynus,goliath,Alestidae,pelagic,133,FL,3.8,native,Tanganyika
Hydrocynus,vittatus,Alestidae,demersal,105,FL,3.7,native,Tanganyika
Micralestes,acutidens,Alestidae,pelagic,9,SL,2.9,native,Tanganyika
Micralestes,humilis,Alestidae,pelagic,10.6,TL,3.1,questionable,Tanganyika
Micralestes,stormsi,Alestidae,pelagic,10,SL,3.2,native,Tanganyika
Micralestes,vittatus,Alestidae,pelagic,9,SL,3.1,endemic,Tanganyika
Amphilius,jacksonii,Amphiliidae,demersal,15,TL,3,native,Tanganyika
Amphilius,kivuensis,Amphiliidae,demersal,10.6,TL,3,native,Tanganyika
Amphilius,pedunculus,Amphiliidae,demersal,11.9,SL,3,native,Tanganyika
Amphilius,ruziziensis,Amphiliidae,demersal,12.1,SL,3,native,Tanganyika
Amphilius,uranoscopus,Amphiliidae,demersal,19.5,TL,2.9,native,Tanganyika
Congoglanis,alula,Amphiliidae,demersal,14.1,SL,3.1,native,Tanganyika
Phractura,lindica,Amphiliidae,demersal,9,TL,3.1,native,Tanganyika
Zaireichthys,brevis,Amphiliidae,demersal,3.4,TL,3,native,Tanganyika
Zaireichthys,heterurus,Amphiliidae,demersal,3.5,SL,3,native,Tanganyika
Ctenopoma,muriei,Anabantidae,benthopelagic,7,SL,3,native,Tanganyika
Bagrus,docmak,Bagridae,benthopelagic,127,TL,4.1,native,Tanganyika
Altolamprologus,calvus,Cichlidae,benthopelagic,13.5,TL,3.3,endemic,Tanganyika
Altolamprologus,compressiceps,Cichlidae,benthopelagic,12.3,TL,3.6,endemic,Tanganyika
Astatoreochromis,straeleni,Cichlidae,benthopelagic,13,SL,3.4,native,Tanganyika
Astatotilapia,burtoni,Cichlidae,benthopelagic,15,SL,3,native,Tanganyika
Astatotilapia,stappersii,Cichlidae,benthopelagic,15,TL,3,native,Tanganyika
Aulonocranus,dewindti,Cichlidae,benthopelagic,14,TL,3.4,native,Tanganyika
Baileychromis,centropomoides,Cichlidae,pelagic,16.8,TL,3.4,endemic,Tanganyika
Bathybates,fasciatus,Cichlidae,pelagic,39.7,TL,4.2,endemic,Tanganyika
Bathybates,ferox,Cichlidae,pelagic,38.5,TL,4.2,endemic,Tanganyika
Bathybates,graueri,Cichlidae,pelagic,30,TL,4.2,endemic,Tanganyika
Bathybates,hornii,Cichlidae,pelagic,27.2,TL,4.2,endemic,Tanganyika
Bathybates,leo,Cichlidae,pelagic,26,TL,4.2,endemic,Tanganyika
Bathybates,minor,Cichlidae,pelagic,20.5,TL,4.2,endemic,Tanganyika
Bathybates,vittatus,Cichlidae,pelagic,42,TL,4.2,endemic,Tanganyika
Benthochromis,horii,Cichlidae,benthopelagic,15.1,SL,3.5,endemic,Tanganyika
Benthochromis,melanoides,Cichlidae,pelagic,18.2,TL,3.5,endemic,Tanganyika
Benthochromis,tricoti,Cichlidae,benthopelagic,16.5,TL,3.5,endemic,Tanganyika
Boulengerochromis,microlepis,Cichlidae,pelagic,80,TL,4.5,endemic,Tanganyika
Callochromis,macrops,Cichlidae,benthopelagic,13.5,TL,3.5,endemic,Tanganyika
Callochromis,melanostigma,Cichlidae,benthopelagic,15,TL,3.5,endemic,Tanganyika
Callochromis,pleurospilus,Cichlidae,benthopelagic,10,TL,3.5,endemic,Tanganyika
Cardiopharynx,schoutedeni,Cichlidae,pelagic,15,TL,3.4,endemic,Tanganyika
Chalinochromis,brichardi,Cichlidae,benthopelagic,12,TL,3.5,endemic,Tanganyika
Chalinochromis,cyanophleps,Cichlidae,benthopelagic,12.9,SL,3.5,endemic,Tanganyika
Chalinochromis,popelini,Cichlidae,benthopelagic,15,TL,3.5,endemic,Tanganyika
Coptodon,rendalli,Cichlidae,benthopelagic,45,TL,2.3,native,Tanganyika
Cunningtonia,longiventralis,Cichlidae,benthopelagic,14,TL,3.4,endemic,Tanganyika
Cyathopharynx,furcifer,Cichlidae,benthopelagic,21,TL,3.4,endemic,Tanganyika
Cyphotilapia,frontosa,Cichlidae,benthopelagic,33,TL,2.9,endemic,Tanganyika
Cyphotilapia,gibberosa,Cichlidae,benthopelagic,21,SL,3.5,endemic,Tanganyika
Cyprichromis,coloratus,Cichlidae,pelagic,10.3,SL,3.5,endemic,Tanganyika
Cyprichromis,leptosoma,Cichlidae,benthopelagic,11,TL,3.5,endemic,Tanganyika
Cyprichromis,microlepidotus,Cichlidae,benthopelagic,11,TL,3.5,endemic,Tanganyika
Cyprichromis,pavo,Cichlidae,demersal,10,SL,3.5,endemic,Tanganyika
Cyprichromis,zonatus,Cichlidae,demersal,8.6,SL,3.5,endemic,Tanganyika
Ectodus,descampsii,Cichlidae,benthopelagic,10.4,TL,2.5,endemic,Tanganyika
Eretmodus,cyanostictus,Cichlidae,benthopelagic,9,TL,2.1,endemic,Tanganyika
Eretmodus,marksmithi,Cichlidae,pelagic,4.7,SL,3.2,endemic,Tanganyika
Gnathochromis,permaxillaris,Cichlidae,benthopelagic,15,TL,3.4,endemic,Tanganyika
Grammatotria,lemairii,Cichlidae,benthopelagic,26,TL,2.7,native,Tanganyika
Greenwoodochromis,abeelei,Cichlidae,demersal,23.5,TL,3.5,endemic,Tanganyika
Greenwoodochromis,christyi,Cichlidae,benthopelagic,15,TL,3.4,endemic,Tanganyika
Greenwoodochromis,staneri,Cichlidae,demersal,19,TL,3.4,endemic,Tanganyika
Haplotaxodon,microlepis,Cichlidae,pelagic,26,TL,3.4,endemic,Tanganyika
Hemibates,koningsi,Cichlidae,pelagic,21.7,SL,3.5,endemic,Tanganyika
Hemibates,stenosoma,Cichlidae,pelagic,30,TL,4.1,endemic,Tanganyika
Interochromis,loocki,Cichlidae,demersal,10.5,TL,2,endemic,Tanganyika
Jabarichromis,pfefferi,Cichlidae,benthopelagic,14,TL,3.6,native,Tanganyika
Julidochromis,dickfeldi,Cichlidae,benthopelagic,11,TL,3.5,endemic,Tanganyika
Julidochromis,marksmithi,Cichlidae,pelagic,6.3,SL,3.4,endemic,Tanganyika
Julidochromis,marlieri,Cichlidae,demersal,13,TL,2.5,endemic,Tanganyika
Julidochromis,ornatus,Cichlidae,benthopelagic,8.5,TL,3.5,endemic,Tanganyika
Julidochromis,regani,Cichlidae,benthopelagic,13,TL,3.6,endemic,Tanganyika
Julidochromis,transcriptus,Cichlidae,benthopelagic,7,TL,3.5,endemic,Tanganyika
Lamprologus,callipterus,Cichlidae,benthopelagic,12.4,TL,3.5,endemic,Tanganyika
Lamprologus,finalimus,Cichlidae,benthopelagic,4.5,TL,3.4,endemic,Tanganyika
Lamprologus,kungweensis,Cichlidae,benthopelagic,8,TL,3.7,endemic,Tanganyika
Lamprologus,laparogramma,Cichlidae,benthopelagic,4,SL,3.5,endemic,Tanganyika
Lamprologus,lemairii,Cichlidae,benthopelagic,25,TL,4.5,endemic,Tanganyika
Lamprologus,meleagris,Cichlidae,benthopelagic,7,TL,3.6,endemic,Tanganyika
Lamprologus,ocellatus,Cichlidae,benthopelagic,5.8,TL,3.5,endemic,Tanganyika
Lamprologus,ornatipinnis,Cichlidae,benthopelagic,7.8,TL,3.7,endemic,Tanganyika
Lamprologus,signatus,Cichlidae,bathydemersal,5.5,TL,3.6,endemic,Tanganyika
Lamprologus,speciosus,Cichlidae,benthopelagic,5,TL,3.5,endemic,Tanganyika
Lamprologus,stappersi,Cichlidae,benthopelagic,5.1,TL,3.5,endemic,Tanganyika
Lepidiolamprologus,attenuatus,Cichlidae,benthopelagic,15,TL,4.1,endemic,Tanganyika
Lepidiolamprologus,boulengeri,Cichlidae,benthopelagic,6.2,TL,3.5,endemic,Tanganyika
Lepidiolamprologus,elongatus,Cichlidae,benthopelagic,32.5,TL,4.2,endemic,Tanganyika
Lepidiolamprologus,hecqui,Cichlidae,benthopelagic,8,TL,3.7,endemic,Tanganyika
Lepidiolamprologus,kamambae,Cichlidae,pelagic,13.7,SL,4,endemic,Tanganyika
Lepidiolamprologus,kendalli,Cichlidae,benthopelagic,16,TL,4.2,endemic,Tanganyika
Lepidiolamprologus,meeli,Cichlidae,benthopelagic,7,TL,3.6,endemic,Tanganyika
Lepidiolamprologus,mimicus,Cichlidae,benthopelagic,16,SL,4.1,endemic,Tanganyika
Lepidiolamprologus,profundicola,Cichlidae,benthopelagic,30.5,TL,4.2,endemic,Tanganyika
Lepidiolamprologus,variostigma,Cichlidae,benthopelagic,7.3,SL,3.7,endemic,Tanganyika
Lestradea,perspicax,Cichlidae,benthopelagic,13.8,TL,3.3,endemic,Tanganyika
Lestradea,stappersii,Cichlidae,benthopelagic,11.7,TL,3.5,endemic,Tanganyika
Limnochromis,auritus,Cichlidae,demersal,13,TL,3.3,endemic,Tanganyika
Limnotilapia,dardennii,Cichlidae,demersal,26,TL,3.2,endemic,Tanganyika
Lobochilotes,labiata,Cichlidae,benthopelagic,36.8,TL,3.3,endemic,Tanganyika
Lufubuchromis,relictus,Cichlidae,benthopelagic,9.3,SL,3.3,endemic,Tanganyika
Neolamprologus,bifasciatus,Cichlidae,benthopelagic,10,TL,3.5,endemic,Tanganyika
Neolamprologus,brevis,Cichlidae,benthopelagic,5.5,TL,3.4,endemic,Tanganyika
Neolamprologus,brichardi,Cichlidae,benthopelagic,9,TL,3.4,endemic,Tanganyika
Neolamprologus,buescheri,Cichlidae,benthopelagic,8,TL,3.5,endemic,Tanganyika
Neolamprologus,cancellatus,Cichlidae,pelagic,5.7,SL,3.4,endemic,Tanganyika
Neolamprologus,caudopunctatus,Cichlidae,benthopelagic,6.5,TL,3.4,endemic,Tanganyika
Neolamprologus,chitamwebwai,Cichlidae,benthopelagic,7.3,SL,3.5,endemic,Tanganyika
Neolamprologus,christyi,Cichlidae,benthopelagic,15,TL,3.3,endemic,Tanganyika
Neolamprologus,crassus,Cichlidae,benthopelagic,7,TL,3.4,endemic,Tanganyika
Neolamprologus,cunningtoni,Cichlidae,benthopelagic,29.1,TL,4.2,endemic,Tanganyika
Neolamprologus,cylindricus,Cichlidae,benthopelagic,10.4,TL,3.5,endemic,Tanganyika
Neolamprologus,falcicula,Cichlidae,benthopelagic,8.1,TL,3.5,endemic,Tanganyika
Neolamprologus,fasciatus,Cichlidae,benthopelagic,15,TL,3.8,endemic,Tanganyika
Neolamprologus,furcifer,Cichlidae,benthopelagic,15,TL,3.4,endemic,Tanganyika
Neolamprologus,gracilis,Cichlidae,benthopelagic,9,TL,3.5,endemic,Tanganyika
Neolamprologus,helianthus,Cichlidae,benthopelagic,5.7,SL,3.4,endemic,Tanganyika
Neolamprologus,leleupi,Cichlidae,benthopelagic,10,TL,3.6,endemic,Tanganyika
Neolamprologus,leloupi,Cichlidae,benthopelagic,6.1,TL,3.4,endemic,Tanganyika
Neolamprologus,longicaudatus,Cichlidae,benthopelagic,8.6,SL,3.5,endemic,Tanganyika
Neolamprologus,marunguensis,Cichlidae,benthopelagic,6.7,TL,3.4,endemic,Tanganyika
Neolamprologus,modestus,Cichlidae,benthopelagic,12,TL,3.5,endemic,Tanganyika
Neolamprologus,mondabu,Cichlidae,benthopelagic,10.7,TL,3.4,endemic,Tanganyika
Neolamprologus,multifasciatus,Cichlidae,benthopelagic,4,TL,3.4,endemic,Tanganyika
Neolamprologus,mustax,Cichlidae,benthopelagic,9,TL,3.5,endemic,Tanganyika
Neolamprologus,niger,Cichlidae,benthopelagic,9,TL,3.6,endemic,Tanganyika
Neolamprologus,nigriventris,Cichlidae,benthopelagic,10.3,TL,3.5,endemic,Tanganyika
Neolamprologus,obscurus,Cichlidae,benthopelagic,8.2,TL,3.5,endemic,Tanganyika
Neolamprologus,olivaceous,Cichlidae,benthopelagic,6,TL,3.4,endemic,Tanganyika
Neolamprologus,pectoralis,Cichlidae,benthopelagic,14,TL,3.7,endemic,Tanganyika
Neolamprologus,petricola,Cichlidae,benthopelagic,14,TL,3.2,endemic,Tanganyika
Neolamprologus,pleuromaculatus,Cichlidae,benthopelagic,12,TL,3.6,native,Tanganyika
Neolamprologus,prochilus,Cichlidae,benthopelagic,17,TL,3.7,endemic,Tanganyika
Neolamprologus,pulcher,Cichlidae,benthopelagic,7.2,TL,3.4,endemic,Tanganyika
Neolamprologus,savoryi,Cichlidae,benthopelagic,8,TL,4.2,endemic,Tanganyika
Neolamprologus,schreyeni,Cichlidae,benthopelagic,5,TL,3.3,endemic,Tanganyika
Neolamprologus,sexfasciatus,Cichlidae,benthopelagic,15,TL,3.7,endemic,Tanganyika
Neolamprologus,similis,Cichlidae,benthopelagic,5,TL,3.3,endemic,Tanganyika
Neolamprologus,splendens,Cichlidae,benthopelagic,8,TL,3.5,endemic,Tanganyika
Neolamprologus,tetracanthus,Cichlidae,benthopelagic,20,TL,3.8,endemic,Tanganyika
Neolamprologus,timidus,Cichlidae,benthopelagic,10,SL,3.6,endemic,Tanganyika
Neolamprologus,toae,Cichlidae,benthopelagic,12,TL,3.8,endemic,Tanganyika
Neolamprologus,tretocephalus,Cichlidae,benthopelagic,15,TL,3.4,endemic,Tanganyika
Neolamprologus,ventralis,Cichlidae,benthopelagic,8,TL,3.5,endemic,Tanganyika
Neolamprologus,walteri,Cichlidae,benthopelagic,5.7,SL,3.4,endemic,Tanganyika
Neolamprologus,wauthioni,Cichlidae,benthopelagic,5.5,TL,3.4,endemic,Tanganyika
Ophthalmotilapia,boops,Cichlidae,demersal,15,TL,3.4,native,Tanganyika
Ophthalmotilapia,heterodonta,Cichlidae,demersal,14.4,TL,2.3,native,Tanganyika
Ophthalmotilapia,nasuta,Cichlidae,benthopelagic,20,TL,2.1,native,Tanganyika
Ophthalmotilapia,ventralis,Cichlidae,benthopelagic,15,TL,2.2,native,Tanganyika
Oreochromis,leucostictus,Cichlidae,benthopelagic,36.3,SL,2.3,introduced,Tanganyika
Oreochromis,malagarasi,Cichlidae,benthopelagic,27,TL,2.3,native,Tanganyika
Oreochromis,niloticus,Cichlidae,benthopelagic,60,SL,2,native,Tanganyika
Oreochromis,tanganicae,Cichlidae,benthopelagic,42,TL,2,endemic,Tanganyika
Oreochromis,upembae,Cichlidae,benthopelagic,21,SL,2.5,native,Tanganyika
Orthochromis,indermauri,Cichlidae,benthopelagic,6.9,SL,2.1,endemic,Tanganyika
Orthochromis,luichensis,Cichlidae,benthopelagic,9.1,SL,2,endemic,Tanganyika
Orthochromis,rugufuensis,Cichlidae,benthopelagic,5.7,SL,2.2,endemic,Tanganyika
Paracyprichromis,brieni,Cichlidae,pelagic,11,TL,3.4,native,Tanganyika
Paracyprichromis,nigripinnis,Cichlidae,benthopelagic,11,TL,3.4,native,Tanganyika
Perissodus,eccentricus,Cichlidae,pelagic,16.4,SL,4.4,endemic,Tanganyika
Perissodus,microlepis,Cichlidae,demersal,11,TL,4.2,endemic,Tanganyika
Perissodus,paradoxus,Cichlidae,demersal,30,TL,4.4,endemic,Tanganyika
Petrochromis,ephippium,Cichlidae,demersal,18,TL,2,endemic,Tanganyika
Petrochromis,famula,Cichlidae,benthopelagic,15.1,TL,2,endemic,Tanganyika
Petrochromis,fasciolatus,Cichlidae,benthopelagic,15,TL,2,endemic,Tanganyika
Petrochromis,horii,Cichlidae,benthopelagic,13.8,SL,2,endemic,Tanganyika
Petrochromis,macrognathus,Cichlidae,demersal,17.2,SL,2,endemic,Tanganyika
Petrochromis,orthognathus,Cichlidae,benthopelagic,16.5,TL,2,endemic,Tanganyika
Petrochromis,polyodon,Cichlidae,benthopelagic,21,TL,2,endemic,Tanganyika
Petrochromis,trewavasae,Cichlidae,benthopelagic,18,TL,2,endemic,Tanganyika
Plecodus,elaviae,Cichlidae,demersal,32,TL,4.4,endemic,Tanganyika
Plecodus,multidentatus,Cichlidae,demersal,12,TL,4.4,endemic,Tanganyika
Plecodus,straeleni,Cichlidae,demersal,16,TL,4.3,endemic,Tanganyika
Pseudosimochromis,babaulti,Cichlidae,benthopelagic,12,TL,2,endemic,Tanganyika
Pseudosimochromis,curvifrons,Cichlidae,benthopelagic,14,TL,2,endemic,Tanganyika
Pseudosimochromis,margaretae,Cichlidae,demersal,8.2,SL,2,endemic,Tanganyika
Pseudosimochromis,marginatus,Cichlidae,benthopelagic,10,TL,2,endemic,Tanganyika
Reganochromis,calliurus,Cichlidae,benthopelagic,15,TL,3.6,endemic,Tanganyika
Shuja,horei,Cichlidae,benthopelagic,20,SL,3.5,native,Tanganyika
Simochromis,diagramma,Cichlidae,benthopelagic,19.5,TL,2,endemic,Tanganyika
Spathodus,erythrodon,Cichlidae,demersal,8.5,TL,3.4,endemic,Tanganyika
Spathodus,marlieri,Cichlidae,benthopelagic,10,TL,3.3,endemic,Tanganyika
Tangachromis,dhanisi,Cichlidae,benthopelagic,8.5,TL,3,endemic,Tanganyika
Tanganicodus,irsacae,Cichlidae,benthopelagic,7,TL,2,endemic,Tanganyika
Telmatochromis,bifrenatus,Cichlidae,demersal,9,TL,2,endemic,Tanganyika
Telmatochromis,brachygnathus,Cichlidae,benthopelagic,7.6,SL,2.3,native,Tanganyika
Telmatochromis,brichardi,Cichlidae,demersal,4.1,SL,2.6,endemic,Tanganyika
Telmatochromis,dhonti,Cichlidae,benthopelagic,12,TL,3.5,endemic,Tanganyika
Telmatochromis,temporalis,Cichlidae,demersal,10.2,TL,2.2,endemic,Tanganyika
Telmatochromis,vittatus,Cichlidae,benthopelagic,8.6,TL,2.3,endemic,Tanganyika
Trematocara,caparti,Cichlidae,benthopelagic,6.7,TL,3.2,endemic,Tanganyika
Trematocara,kufferathi,Cichlidae,benthopelagic,6.8,TL,3.2,endemic,Tanganyika
Trematocara,macrostoma,Cichlidae,benthopelagic,9.5,SL,3.3,endemic,Tanganyika
Trematocara,marginatum,Cichlidae,benthopelagic,9.8,TL,3.3,endemic,Tanganyika
Trematocara,nigrifrons,Cichlidae,benthopelagic,11.5,TL,3.3,endemic,Tanganyika
Trematocara,stigmaticum,Cichlidae,benthopelagic,7.5,TL,3.2,endemic,Tanganyika
Trematocara,unimaculatum,Cichlidae,benthopelagic,15,TL,3.4,endemic,Tanganyika
Trematocara,variabile,Cichlidae,benthopelagic,8.7,TL,3.3,endemic,Tanganyika
Trematocara,zebra,Cichlidae,demersal,6.9,SL,3.3,endemic,Tanganyika
Trematochromis,benthicola,Cichlidae,benthopelagic,21.5,TL,3.4,endemic,Tanganyika
Triglachromis,otostigma,Cichlidae,benthopelagic,12,TL,2.7,endemic,Tanganyika
Tropheus,annectens,Cichlidae,demersal,8,TL,3.3,endemic,Tanganyika
Tropheus,brichardi,Cichlidae,demersal,10,TL,3.3,endemic,Tanganyika
Tropheus,duboisi,Cichlidae,demersal,12,TL,3.3,endemic,Tanganyika
Tropheus,kasabae,Cichlidae,demersal,11.1,TL,3.3,endemic,Tanganyika
Tropheus,moorii,Cichlidae,benthopelagic,14.5,TL,2,endemic,Tanganyika
Tropheus,polli,Cichlidae,demersal,16.5,TL,3.4,endemic,Tanganyika
Tylochromis,polylepis,Cichlidae,demersal,43.5,NG,3,endemic,Tanganyika
Variabilichromis,moorii,Cichlidae,benthopelagic,10.3,TL,3.3,endemic,Tanganyika
Xenochromis,hecqui,Cichlidae,benthopelagic,30,TL,4.4,endemic,Tanganyika
Xenotilapia,albini,Cichlidae,benthopelagic,8.9,TL,3.1,native,Tanganyika
Xenotilapia,bathyphila,Cichlidae,demersal,10.3,TL,3.3,endemic,Tanganyika
Xenotilapia,boulengeri,Cichlidae,benthopelagic,15.3,TL,3.3,endemic,Tanganyika
Xenotilapia,burtoni,Cichlidae,demersal,17.7,TL,3.2,endemic,Tanganyika
Xenotilapia,caudafasciata,Cichlidae,demersal,15.6,,3,endemic,Tanganyika
Xenotilapia,flavipinnis,Cichlidae,demersal,9.2,TL,3.5,endemic,Tanganyika
Xenotilapia,leptura,Cichlidae,demersal,11,TL,2,endemic,Tanganyika
Xenotilapia,longispinis,Cichlidae,benthopelagic,16.3,TL,3.1,endemic,Tanganyika
Xenotilapia,melanogenys,Cichlidae,demersal,15,TL,3.2,endemic,Tanganyika
Xenotilapia,nasus,Cichlidae,demersal,9.3,TL,3.1,endemic,Tanganyika
Xenotilapia,nigrolabiata,Cichlidae,demersal,13,TL,3.2,endemic,Tanganyika
Xenotilapia,ochrogenys,Cichlidae,benthopelagic,11,TL,3.2,endemic,Tanganyika
Xenotilapia,ornatipinnis,Cichlidae,demersal,12.5,TL,3.1,endemic,Tanganyika
Xenotilapia,papilio,Cichlidae,demersal,7.8,TL,3.1,endemic,Tanganyika
Xenotilapia,rotundiventralis,Cichlidae,demersal,5.3,SL,3.4,endemic,Tanganyika
Xenotilapia,sima,Cichlidae,benthopelagic,16.4,TL,3.2,endemic,Tanganyika
Xenotilapia,spilopterus,Cichlidae,demersal,9.6,TL,3.2,endemic,Tanganyika
Xenotilapia,tenuidentata,Cichlidae,benthopelagic,8,TL,3.1,endemic,Tanganyika
Citharinus,gibbosus,Citharinidae,pelagic,61,TL,2.2,native,Tanganyika
Clarias,alluaudi,Clariidae,demersal,23,TL,3.2,native,Tanganyika
Clarias,dhonti,Clariidae,demersal,18.5,TL,3.3,native,Tanganyika
Clarias,gariepinus,Clariidae,benthopelagic,170,TL,3.8,native,Tanganyika
Clarias,liocephalus,Clariidae,demersal,32,TL,3.3,native,Tanganyika
Clarias,theodorae,Clariidae,demersal,35,SL,3.5,native,Tanganyika
Clarias,werneri,Clariidae,demersal,23,TL,3.1,native,Tanganyika
Dinotopterus,cunningtoni,Clariidae,demersal,175,SL,3.7,endemic,Tanganyika
Heterobranchus,longifilis,Clariidae,demersal,150,SL,3.7,native,Tanganyika
Pseudotanganikallabes,prognatha,Clariidae,demersal,6,SL,3.2,endemic,Tanganyika
Tanganikallabes,alboperca,Clariidae,benthopelagic,16.1,SL,3.4,endemic,Tanganyika
Tanganikallabes,mortiauxi,Clariidae,demersal,32.5,TL,3.4,endemic,Tanganyika
Tanganikallabes,stewarti,Clariidae,benthopelagic,15.5,SL,3.4,endemic,Tanganyika
Auchenoglanis,occidentalis,Claroteidae,demersal,70,SL,2.9,native,Tanganyika
Bathybagrus,grandis,Claroteidae,demersal,63,TL,4.5,native,Tanganyika
Bathybagrus,graueri,Claroteidae,demersal,36,TL,4.3,endemic,Tanganyika
Bathybagrus,platycephalus,Claroteidae,demersal,22,TL,3.8,native,Tanganyika
Bathybagrus,sianenna,Claroteidae,demersal,23,SL,3.7,native,Tanganyika
Bathybagrus,stappersii,Claroteidae,demersal,45,SL,3.3,native,Tanganyika
Bathybagrus,tetranema,Claroteidae,demersal,17,SL,3.8,native,Tanganyika
Chrysichthys,acsiorum,Claroteidae,demersal,24.3,SL,3.3,endemic,Tanganyika
Chrysichthys,brachynema,Claroteidae,demersal,77,TL,3.9,endemic,Tanganyika
Chrysichthys,cranchii,Claroteidae,demersal,150,TL,3.4,questionable,Tanganyika
Chrysichthys,mabusi,Claroteidae,demersal,41,SL,3.3,questionable,Tanganyika
Lophiobagrus,aquilus,Claroteidae,demersal,8,TL,3.2,endemic,Tanganyika
Lophiobagrus,asperispinis,Claroteidae,demersal,3.4,TL,3.1,endemic,Tanganyika
Lophiobagrus,brevispinis,Claroteidae,demersal,5.1,TL,3.2,native,Tanganyika
Lophiobagrus,cyclurus,Claroteidae,demersal,8,SL,3.3,endemic,Tanganyika
Phyllonemus,brichardi,Claroteidae,demersal,7.8,SL,3.3,endemic,Tanganyika
Phyllonemus,filinemus,Claroteidae,demersal,8.7,TL,3.3,native,Tanganyika
Phyllonemus,typus,Claroteidae,demersal,8.8,TL,4,endemic,Tanganyika
Acapoeta,tanganicae,Cyprinidae,benthopelagic,61,TL,2,native,Tanganyika
Clypeobarbus,pleuropholis,Cyprinidae,benthopelagic,3.3,SL,3,questionable,Tanganyika
Enteromius,apleurogramma,Cyprinidae,benthopelagic,5.4,SL,2.9,native,Tanganyika
Enteromius,eutaenia,Cyprinidae,benthopelagic,14,SL,3.2,native,Tanganyika
Enteromius,kerstenii,Cyprinidae,benthopelagic,9,SL,3,native,Tanganyika
Enteromius,lineomaculatus,Cyprinidae,benthopelagic,8.6,SL,3,native,Tanganyika
Enteromius,lufukiensis,Cyprinidae,benthopelagic,11,TL,3,native,Tanganyika
Enteromius,miolepis,Cyprinidae,benthopelagic,12.5,SL,3,native,Tanganyika
Enteromius,neumayeri,Cyprinidae,benthopelagic,11.8,SL,3,native,Tanganyika
Enteromius,oligogrammus,Cyprinidae,benthopelagic,8.2,TL,3,native,Tanganyika
Enteromius,pellegrini,Cyprinidae,benthopelagic,11.7,SL,3,native,Tanganyika
Enteromius,taeniopleura,Cyprinidae,benthopelagic,9,TL,3,native,Tanganyika
Enteromius,urostigma,Cyprinidae,benthopelagic,12,TL,3,native,Tanganyika
Labeo,congoro,Cyprinidae,benthopelagic,41.5,SL,2.2,native,Tanganyika
Labeo,cylindricus,Cyprinidae,benthopelagic,25,SL,2,native,Tanganyika
Labeo,degeni,Cyprinidae,benthopelagic,68,SL,2,misidentification,Tanganyika
Labeo,dhonti,Cyprinidae,benthopelagic,11.5,TL,2.5,native,Tanganyika
Labeo,fuelleborni,Cyprinidae,benthopelagic,43,TL,2.2,questionable,Tanganyika
Labeo,kibimbi,Cyprinidae,benthopelagic,47,SL,2.1,native,Tanganyika
Labeo,lineatus,Cyprinidae,benthopelagic,78,TL,2,misidentification,Tanganyika
Labeo,longipinnis,Cyprinidae,benthopelagic,26,SL,2.3,misidentification,Tanganyika
Labeo,simpsoni,Cyprinidae,benthopelagic,22,SL,2.3,questionable,Tanganyika
Labeo,weeksii,Cyprinidae,benthopelagic,29,TL,2.3,questionable,Tanganyika
Labeobarbus,altianalis,Cyprinidae,benthopelagic,90,TL,3.4,native,Tanganyika
Labeobarbus,caudovittatus,Cyprinidae,benthopelagic,80,TL,3.3,native,Tanganyika
Labeobarbus,leleupanus,Cyprinidae,benthopelagic,22,SL,3.2,native,Tanganyika
Labeobarbus,platyrhinus,Cyprinidae,benthopelagic,40,SL,3.2,endemic,Tanganyika
Labeobarbus,pojeri,Cyprinidae,benthopelagic,18,TL,3.2,endemic,Tanganyika
Labeobarbus,tropidolepis,Cyprinidae,benthopelagic,85,SL,3.3,endemic,Tanganyika
Chelaethiops,congicus,Danionidae,benthopelagic,11,TL,3.3,native,Tanganyika
Chelaethiops,minutus,Danionidae,benthopelagic,11,SL,3.3,endemic,Tanganyika
Engraulicypris,spinifer,Danionidae,benthopelagic,5,SL,3,native,Tanganyika
Opsaridium,ubangiense,Danionidae,benthopelagic,12,TL,3.3,native,Tanganyika
Raiamas,marqueti,Danionidae,benthopelagic,19.7,SL,3.4,native,Tanganyika
Raiamas,moorii,Danionidae,benthopelagic,22,TL,3.3,native,Tanganyika
Raiamas,salmolucius,Danionidae,benthopelagic,16.4,SL,3.3,misidentification,Tanganyika
Distichodus,fasciolatus,Distichodontidae,pelagic,60,TL,2,questionable,Tanganyika
Distichodus,sexfasciatus,Distichodontidae,pelagic,76,SL,2.8,native,Tanganyika
Limnothrissa,miodon,Dorosomatidae,pelagic,17,SL,3.1,endemic,Tanganyika
Stolothrissa,tanganicae,Dorosomatidae,pelagic,10,SL,2.7,endemic,Tanganyika
Kneria,rukwaensis,Kneriidae,demersal,6.2,SL,2.1,native,Tanganyika
Kneria,wittei,Kneriidae,benthopelagic,8.6,SL,2,native,Tanganyika
Lates,angustifrons,Latidae,demersal,200,SL,4.5,native,Tanganyika
Lates,mariae,Latidae,demersal,80,TL,4.2,native,Tanganyika
Lates,microlepis,Latidae,pelagic,93,TL,4.3,native,Tanganyika
Lates,stappersii,Latidae,demersal,45,SL,4.3,endemic,Tanganyika
Malapterurus,tanganyikaensis,Malapteruridae,benthopelagic,49.5,SL,3.5,native,Tanganyika
Mastacembelus,albomaculatus,Mastacembelidae,demersal,22,TL,3.7,endemic,Tanganyika
Mastacembelus,apectoralis,Mastacembelidae,benthopelagic,16.3,SL,3.6,endemic,Tanganyika
Mastacembelus,cunningtoni,Mastacembelidae,benthopelagic,58,TL,4.2,endemic,Tanganyika
Mastacembelus,ellipsifer,Mastacembelidae,benthopelagic,45,TL,3.8,endemic,Tanganyika
Mastacembelus,flavidus,Mastacembelidae,benthopelagic,27,TL,3.7,endemic,Tanganyika
Mastacembelus,frenatus,Mastacembelidae,demersal,40,SL,3.9,native,Tanganyika
Mastacembelus,micropectus,Mastacembelidae,demersal,17.6,SL,3.7,endemic,Tanganyika
Mastacembelus,moorii,Mastacembelidae,demersal,44,TL,4.2,endemic,Tanganyika
Mastacembelus,ophidium,Mastacembelidae,demersal,33,TL,3.8,endemic,Tanganyika
Mastacembelus,plagiostomus,Mastacembelidae,demersal,30,SL,3.8,endemic,Tanganyika
Mastacembelus,platysoma,Mastacembelidae,benthopelagic,16,SL,3.6,endemic,Tanganyika
Mastacembelus,polli,Mastacembelidae,demersal,14,SL,3.6,endemic,Tanganyika
Mastacembelus,reygeli,Mastacembelidae,benthopelagic,25.4,SL,3.8,endemic,Tanganyika
Mastacembelus,tanganicae,Mastacembelidae,demersal,19,SL,3.7,endemic,Tanganyika
Mastacembelus,zebratus,Mastacembelidae,demersal,19,SL,3.7,endemic,Tanganyika
Chiloglanis,asymetricaudalis,Mochokidae,benthopelagic,7.6,SL,2.6,native,Tanganyika
Chiloglanis,kalambo,Mochokidae,benthopelagic,4.4,TL,3.1,endemic,Tanganyika
Chiloglanis,kazumbei,Mochokidae,benthopelagic,5.4,SL,3.2,native,Tanganyika
Chiloglanis,lukugae,Mochokidae,benthopelagic,9,SL,3.2,questionable,Tanganyika
Chiloglanis,micropogon,Mochokidae,benthopelagic,4.9,TL,3.1,native,Tanganyika
Chiloglanis,pojeri,Mochokidae,benthopelagic,7,TL,3.2,native,Tanganyika
Chiloglanis,productus,Mochokidae,benthopelagic,4.9,SL,3.1,endemic,Tanganyika
Synodontis,decorus,Mochokidae,benthopelagic,31.8,TL,2.9,native,Tanganyika
Synodontis,dhonti,Mochokidae,benthopelagic,32.5,SL,2.8,endemic,Tanganyika
Synodontis,grandiops,Mochokidae,demersal,11.1,SL,2.9,endemic,Tanganyika
Synodontis,granulosus,Mochokidae,benthopelagic,27,TL,2.9,endemic,Tanganyika
Synodontis,ilebrevis,Mochokidae,demersal,13.6,SL,2.9,endemic,Tanganyika
Synodontis,irsacae,Mochokidae,demersal,15.7,SL,2.9,endemic,Tanganyika
Synodontis,lucipinnis,Mochokidae,demersal,7.9,SL,2.9,endemic,Tanganyika
Synodontis,melanostictus,Mochokidae,demersal,23.7,SL,2.9,native,Tanganyika
Synodontis,multipunctatus,Mochokidae,benthopelagic,27.5,TL,3.4,endemic,Tanganyika
Synodontis,nigromaculatus,Mochokidae,benthopelagic,38.5,TL,3.3,misidentification,Tanganyika
Synodontis,petricola,Mochokidae,benthopelagic,10.2,TL,2.9,endemic,Tanganyika
Synodontis,polli,Mochokidae,benthopelagic,14.8,TL,2.9,endemic,Tanganyika
Synodontis,tanganyicae,Mochokidae,benthopelagic,56,TL,2.8,endemic,Tanganyika
Cyphomyrus,discorhynchus,Mormyridae,demersal,31,SL,3.2,native,Tanganyika
Gnathonemus,longibarbis,Mormyridae,demersal,36,TL,3.2,native,Tanganyika
Gnathonemus,petersii,Mormyridae,demersal,35,SL,3.1,native,Tanganyika
Marcusenius,stanleyanus,Mormyridae,demersal,21,TL,3.1,native,Tanganyika
Mormyrops,anguilloides,Mormyridae,demersal,150,TL,3.8,native,Tanganyika
Mormyrus,longirostris,Mormyridae,demersal,75,SL,3.3,native,Tanganyika
Pollimyrus,nigricans,Mormyridae,demersal,10,SL,3.4,native,Tanganyika
Polypterus,congicus,Polypteridae,demersal,97,TL,3.3,native,Tanganyika
Polypterus,ornatipinnis,Polypteridae,demersal,60,TL,3.7,native,Tanganyika
Lacustricola,pumilus,Procatopodidae,benthopelagic,5.5,TL,2.9,native,Tanganyika
Lamprichthys,tanganicanus,Procatopodidae,benthopelagic,15,SL,3.5,endemic,Tanganyika
Protopterus,aethiopicus,Protopteridae,demersal,200,TL,4.4,native,Tanganyika
Schilbe,durinii,Schilbeidae,demersal,6.5,SL,3.2,questionable,Tanganyika
Schilbe,intermedius,Schilbeidae,pelagic,50,SL,3.6,native,Tanganyika
Tetraodon,mbu,Tetraodontidae,demersal,67,TL,3.6,native,Tanganyika
Alestopetersius,leopoldianus,Alestidae,pelagic,9,TL,3.1,questionable,Victoria
Brycinus,jacksonii,Alestidae,pelagic,27,SL,3.2,native,Victoria
Brycinus,macrolepidotus,Alestidae,pelagic,53,SL,2.8,questionable,Victoria
Brycinus,nurse,Alestidae,pelagic,25,TL,2.5,misidentification,Victoria
Brycinus,sadleri,Alestidae,pelagic,13.8,TL,3.2,native,Victoria
Amphilius,jacksonii,Amphiliidae,demersal,15,TL,3,native,Victoria
Amphilius,kivuensis,Amphiliidae,demersal,10.6,TL,3,questionable,Victoria
Amphilius,lujani,Amphiliidae,demersal,12,SL,3,native,Victoria
Amphilius,uranoscopus,Amphiliidae,demersal,19.5,TL,2.9,native,Victoria
Zaireichthys,rotundiceps,Amphiliidae,demersal,3.8,SL,3.4,questionable,Victoria
Ctenopoma,muriei,Anabantidae,benthopelagic,7,SL,3,native,Victoria
Anguilla,anguilla,Anguillidae,demersal,133,TL,3.5,introduced,Victoria
Bagrus,degeni,Bagridae,demersal,55,TL,4.2,endemic,Victoria
Bagrus,docmak,Bagridae,benthopelagic,127,TL,4.1,native,Victoria
Micropterus,dolomieu,Centrarchidae,benthopelagic,69,TL,3.6,introduced,Victoria
Micropterus,salmoides,Centrarchidae,benthopelagic,97,TL,3.8,introduced,Victoria
Astatoreochromis,alluaudi,Cichlidae,benthopelagic,19,SL,3.6,native,Victoria
Astatotilapia,burtoni,Cichlidae,benthopelagic,15,SL,3,native,Victoria
Coptodon,rendalli,Cichlidae,benthopelagic,45,TL,2.3,introduced,Victoria
Coptodon,zillii,Cichlidae,benthopelagic,40,SL,2.5,introduced,Victoria
Haplochromis,acidens,Cichlidae,benthopelagic,12.8,SL,3,endemic,Victoria
Haplochromis,aelocephalus,Cichlidae,benthopelagic,12,SL,3.3,endemic,Victoria
Haplochromis,altigenis,Cichlidae,benthopelagic,20.2,SL,4.2,endemic,Victoria
Haplochromis,ampullarostratus,Cichlidae,benthopelagic,7.2,SL,3.3,endemic,Victoria
Haplochromis,antleter,Cichlidae,demersal,7,SL,3.3,endemic,Victoria
Haplochromis,apogonoides,Cichlidae,benthopelagic,13.2,SL,3.4,native,Victoria
Haplochromis,arcanus,Cichlidae,benthopelagic,14.2,SL,4.2,endemic,Victoria
Haplochromis,argens,Cichlidae,pelagic,7.6,SL,3.3,endemic,Victoria
Haplochromis,argenteus,Cichlidae,benthopelagic,20.2,SL,3.6,native,Victoria
Haplochromis,artaxerxes,Cichlidae,benthopelagic,14.7,SL,3.6,endemic,Victoria
Haplochromis,azureus,Cichlidae,demersal,9.6,SL,3.4,native,Victoria
Haplochromis,barbarae,Cichlidae,benthopelagic,10.6,SL,4,native,Victoria
Haplochromis,bareli,Cichlidae,benthopelagic,12.5,SL,4.2,endemic,Victoria
Haplochromis,bartoni,Cichlidae,benthopelagic,19.5,SL,4.2,endemic,Victoria
Haplochromis,bayoni,Cichlidae,benthopelagic,15.4,SL,4.2,endemic,Victoria
Haplochromis,bicolor,Cichlidae,demersal,15,SL,3.6,endemic,Victoria
Haplochromis,boops,Cichlidae,benthopelagic,19.4,SL,4.2,endemic,Victoria
Haplochromis,brownae,Cichlidae,benthopelagic,10.4,SL,3.9,endemic,Victoria
Haplochromis,bwathondii,Cichlidae,pelagic,8.2,SL,3.3,endemic,Victoria
Haplochromis,cassius,Cichlidae,benthopelagic,9.8,SL,3.4,endemic,Victoria
Haplochromis,cavifrons,Cichlidae,benthopelagic,19.5,SL,4.2,endemic,Victoria
Haplochromis,chilotes,Cichlidae,benthopelagic,14.8,SL,3.2,native,Victoria
Haplochromis,chlorochrous,Cichlidae,benthopelagic,12,SL,3.6,endemic,Victoria
Haplochromis,chromogynos,Cichlidae,benthopelagic,11,SL,3.2,endemic,Victoria
Haplochromis,chrysogynaion,Cichlidae,benthopelagic,9.1,SL,4.2,endemic,Victoria
Haplochromis,cinctus,Cichlidae,benthopelagic,8.8,SL,2,endemic,Victoria
Haplochromis,cinereus,Cichlidae,benthopelagic,8.1,SL,2.6,endemic,Victoria
Haplochromis,cnester,Cichlidae,benthopelagic,8.1,SL,3.3,endemic,Victoria
Haplochromis,commutabilis,Cichlidae,benthopelagic,10.4,SL,3.3,endemic,Victoria
Haplochromis,coprologus,Cichlidae,benthopelagic,7.5,SL,3.3,endemic,Victoria
Haplochromis,crassilabris,Cichlidae,benthopelagic,15,TL,3.2,endemic,Victoria
Haplochromis,crocopeplus,Cichlidae,benthopelagic,10.1,SL,3.6,endemic,Victoria
Haplochromis,cronus,Cichlidae,benthopelagic,13.5,SL,4,native,Victoria
Haplochromis,cryptodon,Cichlidae,benthopelagic,13,SL,4,endemic,Victoria
Haplochromis,cryptogramma,Cichlidae,benthopelagic,9.4,SL,3.4,endemic,Victoria
Haplochromis,cyaneus,Cichlidae,benthopelagic,10.7,SL,2.6,endemic,Victoria
Haplochromis,decticostoma,Cichlidae,benthopelagic,22.9,SL,4,endemic,Victoria
Haplochromis,degeni,Cichlidae,demersal,15.4,SL,3.2,endemic,Victoria
Haplochromis,dentex,Cichlidae,benthopelagic,15.9,SL,4.2,endemic,Victoria
Haplochromis,dichrourus,Cichlidae,benthopelagic,18.6,SL,4,endemic,Victoria
Haplochromis,diplotaenia,Cichlidae,benthopelagic,11,SL,4.2,endemic,Victoria
Haplochromis,dolichorhynchus,Cichlidae,benthopelagic,11.9,SL,3.4,native,Victoria
Haplochromis,empodisma,Cichlidae,benthopelagic,11.7,SL,2.9,endemic,Victoria
Haplochromis,erythrocephalus,Cichlidae,benthopelagic,7.7,SL,2.5,native,Victoria
Haplochromis,erythromaculatus,Cichlidae,benthopelagic,10.3,SL,3.3,endemic,Victoria
Haplochromis,estor,Cichlidae,benthopelagic,17,SL,4.2,endemic,Victoria
Haplochromis,eutaenia,Cichlidae,benthopelagic,10.5,TL,3.6,native,Victoria
Haplochromis,exspectatus,Cichlidae,benthopelagic,8.5,SL,3.3,endemic,Victoria
Haplochromis,fischeri,Cichlidae,benthopelagic,10.5,SL,3.3,endemic,Victoria
Haplochromis,flavipinnis,Cichlidae,benthopelagic,15.6,SL,4.2,native,Victoria
Haplochromis,flavus,Cichlidae,benthopelagic,11.9,SL,2.3,native,Victoria
Haplochromis,fusiformis,Cichlidae,benthopelagic,11,SL,3.3,native,Victoria
Haplochromis,gigas,Cichlidae,demersal,14.2,SL,2,native,Victoria
Haplochromis,gilberti,Cichlidae,benthopelagic,15,SL,4,endemic,Victoria
Haplochromis,goldschmidti,Cichlidae,pelagic,6.9,SL,3.3,endemic,Victoria
Haplochromis,gowersii,Cichlidae,benthopelagic,22.4,SL,4.2,native,Victoria
Haplochromis,granti,Cichlidae,benthopelagic,12.2,SL,3.4,endemic,Victoria
Haplochromis,greenwoodi,Cichlidae,demersal,13.5,SL,3.2,native,Victoria
Haplochromis,guiarti,Cichlidae,benthopelagic,17.7,SL,4.2,endemic,Victoria
Haplochromis,harpakteridion,Cichlidae,benthopelagic,8.1,SL,4.2,endemic,Victoria
Haplochromis,heusinkveldi,Cichlidae,benthopelagic,7.6,SL,3.4,native,Victoria
Haplochromis,hiatus,Cichlidae,benthopelagic,11.2,SL,3.2,endemic,Victoria
Haplochromis,howesi,Cichlidae,benthopelagic,16.3,SL,3.5,endemic,Victoria
Haplochromis,humilior,Cichlidae,benthopelagic,9,SL,2.6,endemic,Victoria
Haplochromis,igneopinnis,Cichlidae,demersal,10.8,SL,2,native,Victoria
Haplochromis,iris,Cichlidae,benthopelagic,11.6,SL,3.2,native,Victoria
Haplochromis,ishmaeli,Cichlidae,benthopelagic,13.6,SL,3.6,native,Victoria
Haplochromis,katunzii,Cichlidae,demersal,8,SL,3.3,endemic,Victoria
Haplochromis,kujunjui,Cichlidae,benthopelagic,10.3,SL,4.2,endemic,Victoria
Haplochromis,labriformis,Cichlidae,benthopelagic,6.2,SL,3.3,endemic,Victoria
Haplochromis,lacrimosus,Cichlidae,benthopelagic,9.7,SL,2.8,endemic,Victoria
Haplochromis,laparogramma,Cichlidae,benthopelagic,8.5,SL,3.3,native,Victoria
Haplochromis,lividus,Cichlidae,benthopelagic,9,SL,2.4,endemic,Victoria
Haplochromis,longirostris,Cichlidae,benthopelagic,14.5,SL,3.9,native,Victoria
Haplochromis,luteus,Cichlidae,demersal,13.3,SL,2.6,native,Victoria
Haplochromis,macrocephalus,Cichlidae,demersal,10.6,SL,3,native,Victoria
Haplochromis,macrognathus,Cichlidae,benthopelagic,17.4,SL,4.2,endemic,Victoria
Haplochromis,macrops,Cichlidae,benthopelagic,9.1,SL,2.8,endemic,Victoria
Haplochromis,maculipinna,Cichlidae,benthopelagic,16.6,SL,3.9,endemic,Victoria
Haplochromis,maisomei,Cichlidae,benthopelagic,9.8,SL,4.2,endemic,Victoria
Haplochromis,mandibularis,Cichlidae,benthopelagic,17.4,SL,4.2,endemic,Victoria
Haplochromis,martini,Cichlidae,benthopelagic,10.4,SL,3.9,endemic,Victoria
Haplochromis,maxillaris,Cichlidae,benthopelagic,16,SL,4,endemic,Victoria
Haplochromis,mbipi,Cichlidae,demersal,13.1,SL,2.6,native,Victoria
Haplochromis,megalops,Cichlidae,benthopelagic,8.1,SL,3.3,endemic,Victoria
Haplochromis,melanopterus,Cichlidae,benthopelagic,12.7,SL,4,endemic,Victoria
Haplochromis,melanopus,Cichlidae,benthopelagic,10,TL,3.3,native,Victoria
Haplochromis,melichrous,Cichlidae,benthopelagic,10.7,SL,3.4,endemic,Victoria
Haplochromis,mento,Cichlidae,benthopelagic,17.8,SL,4.2,endemic,Victoria
Haplochromis,michaeli,Cichlidae,benthopelagic,14.5,SL,4.2,endemic,Victoria
Haplochromis,microdon,Cichlidae,benthopelagic,14.8,SL,4,endemic,Victoria
Haplochromis,mylergates,Cichlidae,benthopelagic,13.7,SL,3.4,endemic,Victoria
Haplochromis,nanoserranus,Cichlidae,benthopelagic,7.6,SL,3.8,endemic,Victoria
Haplochromis,nigrescens,Cichlidae,benthopelagic,11.5,TL,4.2,endemic,Victoria
Haplochromis,nigricans,Cichlidae,benthopelagic,9.4,SL,2.2,native,Victoria
Haplochromis,niloticus,Cichlidae,benthopelagic,10.2,SL,3.3,endemic,Victoria
Haplochromis,nubilus,Cichlidae,benthopelagic,9.3,SL,3.3,native,Victoria
Haplochromis,nuchisquamulatus,Cichlidae,benthopelagic,11.3,SL,2,native,Victoria
Haplochromis,nyanzae,Cichlidae,benthopelagic,17.1,SL,4.2,endemic,Victoria
Haplochromis,nyererei,Cichlidae,benthopelagic,7.7,SL,2.6,native,Victoria
Haplochromis,obesus,Cichlidae,benthopelagic,17,SL,4,native,Victoria
Haplochromis,obliquidens,Cichlidae,benthopelagic,8.9,SL,2,native,Victoria
Haplochromis,obtusidens,Cichlidae,benthopelagic,11.4,SL,3.1,endemic,Victoria
Haplochromis,oligolepis,Cichlidae,benthopelagic,8.3,SL,3.3,endemic,Victoria
Haplochromis,omnicaeruleus,Cichlidae,demersal,11.9,SL,2,native,Victoria
Haplochromis,pachycephalus,Cichlidae,benthopelagic,23.2,SL,4.2,endemic,Victoria
Haplochromis,pallidus,Cichlidae,benthopelagic,7.4,SL,2.6,endemic,Victoria
Haplochromis,pancitrinus,Cichlidae,benthopelagic,8.6,SL,3.3,endemic,Victoria
Haplochromis,paraguiarti,Cichlidae,benthopelagic,15.6,SL,3.2,endemic,Victoria
Haplochromis,paraplagiostoma,Cichlidae,benthopelagic,9.8,SL,3.3,endemic,Victoria
Haplochromis,paropius,Cichlidae,benthopelagic,8.7,SL,2.3,endemic,Victoria
Haplochromis,parorthostoma,Cichlidae,benthopelagic,11.7,SL,3.4,endemic,Victoria
Haplochromis,parvidens,Cichlidae,benthopelagic,16.3,SL,4,endemic,Victoria
Haplochromis,pellegrini,Cichlidae,benthopelagic,10.4,SL,3.5,endemic,Victoria
Haplochromis,percoides,Cichlidae,benthopelagic,9.3,SL,4.2,endemic,Victoria
Haplochromis,perrieri,Cichlidae,benthopelagic,6,SL,4.2,endemic,Victoria
Haplochromis,pharyngomylus,Cichlidae,benthopelagic,12.6,SL,3.2,endemic,Victoria
Haplochromis,phytophagus,Cichlidae,benthopelagic,8.6,SL,2,endemic,Victoria
Haplochromis,piceatus,Cichlidae,benthopelagic,9,SL,3.3,endemic,Victoria
Haplochromis,pitmani,Cichlidae,benthopelagic,5.5,TL,4.2,endemic,Victoria
Haplochromis,plagiodon,Cichlidae,benthopelagic,8.5,SL,3.2,native,Victoria
Haplochromis,plagiostoma,Cichlidae,benthopelagic,14.7,SL,4.4,native,Victoria
Haplochromis,plutonius,Cichlidae,benthopelagic,9.6,SL,3.6,native,Victoria
Haplochromis,prodromus,Cichlidae,benthopelagic,13,SL,3.4,native,Victoria
Haplochromis,prognathus,Cichlidae,benthopelagic,14.1,SL,3.1,native,Victoria
Haplochromis,pseudopellegrini,Cichlidae,benthopelagic,15,SL,4.2,native,Victoria
Haplochromis,ptistes,Cichlidae,benthopelagic,10.6,SL,3.6,native,Victoria
Haplochromis,pundamilia,Cichlidae,demersal,12.4,SL,3.7,native,Victoria
Haplochromis,pyrrhocephalus,Cichlidae,benthopelagic,7.3,SL,3.3,native,Victoria
Haplochromis,pyrrhopteryx,Cichlidae,benthopelagic,19.7,SL,4.1,endemic,Victoria
Haplochromis,retrodens,Cichlidae,benthopelagic,14.4,SL,3.3,native,Victoria
Haplochromis,riponianus,Cichlidae,benthopelagic,10.4,SL,3.2,native,Victoria
Haplochromis,rubripinnis,Cichlidae,pelagic,10.4,SL,3.3,native,Victoria
Haplochromis,rufocaudalis,Cichlidae,demersal,10,SL,2,native,Victoria
Haplochromis,rufus,Cichlidae,demersal,8.6,SL,3.3,native,Victoria
Haplochromis,sauvagei,Cichlidae,benthopelagic,10.5,SL,2.7,native,Victoria
Haplochromis,saxicola,Cichlidae,benthopelagic,12.3,SL,3.4,native,Victoria
Haplochromis,serranus,Cichlidae,benthopelagic,20.5,SL,4.2,native,Victoria
Haplochromis,simotes,Cichlidae,demersal,8.7,SL,3.3,native,Victoria
Haplochromis,spekii,Cichlidae,benthopelagic,22,SL,4.2,native,Victoria
Haplochromis,sphex,Cichlidae,benthopelagic,8.2,SL,3.3,endemic,Victoria
Haplochromis,squamipinnis,Cichlidae,benthopelagic,20.2,SL,3.2,introduced,Victoria
Haplochromis,squamulatus,Cichlidae,benthopelagic,19.8,SL,4.2,native,Victoria
Haplochromis,sulphureus,Cichlidae,benthopelagic,10.9,SL,3.3,native,Victoria
Haplochromis,tanaos,Cichlidae,benthopelagic,7.7,SL,3.3,endemic,Victoria
Haplochromis,teegelaari,Cichlidae,benthopelagic,10.1,SL,3.1,native,Victoria
Haplochromis,teunisrasi,Cichlidae,benthopelagic,9.6,SL,3.3,native,Victoria
Haplochromis,theliodon,Cichlidae,benthopelagic,9.5,SL,3.2,native,Victoria
Haplochromis,thereuterion,Cichlidae,benthopelagic,8.2,SL,3.3,endemic,Victoria
Haplochromis,thuragnathus,Cichlidae,benthopelagic,20,SL,4.2,native,Victoria
Haplochromis,tridens,Cichlidae,benthopelagic,11.9,SL,2.8,native,Victoria
Haplochromis,tyrianthinus,Cichlidae,benthopelagic,10.5,SL,3.5,native,Victoria
Haplochromis,ushindi,Cichlidae,benthopelagic,22.6,SL,3.5,endemic,Victoria
Haplochromis,vanoijeni,Cichlidae,demersal,8.9,SL,3.3,endemic,Victoria
Haplochromis,victoriae,Cichlidae,benthopelagic,7.6,SL,3.3,native,Victoria
Haplochromis,victorianus,Cichlidae,benthopelagic,16.6,SL,4.2,native,Victoria
Haplochromis,vonlinnei,Cichlidae,demersal,15.9,SL,3.4,native,Victoria
Haplochromis,welcommei,Cichlidae,benthopelagic,10.5,SL,3.3,native,Victoria
Haplochromis,xanthopteryx,Cichlidae,demersal,10.7,SL,3.1,native,Victoria
Haplochromis,xenognathus,Cichlidae,benthopelagic,11.3,SL,2.9,native,Victoria
Haplochromis,xenostoma,Cichlidae,benthopelagic,20.3,SL,4.2,native,Victoria
Oreochromis,esculentus,Cichlidae,benthopelagic,50,SL,2.5,native,Victoria
Oreochromis,leucostictus,Cichlidae,benthopelagic,36.3,SL,2.3,introduced,Victoria
Oreochromis,niloticus,Cichlidae,benthopelagic,60,SL,2,introduced,Victoria
Oreochromis,variabilis,Cichlidae,benthopelagic,30,SL,2,native,Victoria
Sarotherodon,galilaeus,Cichlidae,demersal,39.5,TL,2.8,native,Victoria
Clariallabes,petricola,Clariidae,demersal,8.5,SL,3.5,native,Victoria
Clarias,alluaudi,Clariidae,demersal,23,TL,3.2,native,Victoria
Clarias,gariepinus,Clariidae,benthopelagic,170,TL,3.8,native,Victoria
Clarias,liocephalus,Clariidae,demersal,32,TL,3.3,native,Victoria
Clarias,werneri,Clariidae,demersal,23,TL,3.1,native,Victoria
Xenoclarias,eupogon,Clariidae,demersal,20.9,SL,3.4,endemic,Victoria
Clypeobarbus,pleuropholis,Cyprinidae,benthopelagic,3.3,SL,3,error,Victoria
Enteromius,alberti,Cyprinidae,benthopelagic,7.4,SL,3,native,Victoria
Enteromius,apleurogramma,Cyprinidae,benthopelagic,5.4,SL,2.9,native,Victoria
Enteromius,jacksoni,Cyprinidae,benthopelagic,11.6,SL,3,native,Victoria
Enteromius,kerstenii,Cyprinidae,benthopelagic,9,SL,3,native,Victoria
Enteromius,loveridgii,Cyprinidae,benthopelagic,6.6,SL,3,endemic,Victoria
Enteromius,magdalenae,Cyprinidae,benthopelagic,6.8,SL,3,endemic,Victoria
Enteromius,neumayeri,Cyprinidae,benthopelagic,11.8,SL,3,native,Victoria
Enteromius,nyanzae,Cyprinidae,benthopelagic,7,SL,3,endemic,Victoria
Enteromius,paludinosus,Cyprinidae,benthopelagic,15,SL,2.9,native,Victoria
Enteromius,profundus,Cyprinidae,benthopelagic,6.3,SL,3.2,endemic,Victoria
Enteromius,radiatus,Cyprinidae,benthopelagic,12,SL,2.8,native,Victoria
Enteromius,serengetiensis,Cyprinidae,pelagic,4,SL,3,endemic,Victoria
Enteromius,sexradiatus,Cyprinidae,benthopelagic,5.6,SL,3,endemic,Victoria
Enteromius,trispilopleura,Cyprinidae,benthopelagic,4.5,TL,3,native,Victoria
Enteromius,viktorianus,Cyprinidae,benthopelagic,7.1,TL,3,endemic,Victoria
Enteromius,yongei,Cyprinidae,benthopelagic,5.6,SL,2.3,endemic,Victoria
Garra,dembeensis,Cyprinidae,benthopelagic,11,SL,2,native,Victoria
Labeo,victorianus,Cyprinidae,benthopelagic,41,SL,2.4,native,Victoria
Labeo,werneri,Cyprinidae,benthopelagic,31.3,TL,2.3,endemic,Victoria
Labeobarbus,acuticeps,Cyprinidae,benthopelagic,40.3,TL,3.2,endemic,Victoria
Labeobarbus,altianalis,Cyprinidae,benthopelagic,90,TL,3.4,native,Victoria
Labeobarbus,claudinae,Cyprinidae,benthopelagic,30,TL,3.2,endemic,Victoria
Labeobarbus,microbarbis,Cyprinidae,benthopelagic,27,TL,3.2,extirpated,Victoria
Labeobarbus,platystomus,Cyprinidae,benthopelagic,21,TL,3.2,endemic,Victoria
Labeobarbus,ruandae,Cyprinidae,benthopelagic,26.2,SL,3.2,endemic,Victoria
Labeobarbus,ruasae,Cyprinidae,benthopelagic,49.5,TL,3.2,endemic,Victoria
Labeobarbus,somereni,Cyprinidae,benthopelagic,40,SL,3.2,native,Victoria
Xenobarbus,loveridgei,Cyprinidae,benthopelagic,9,SL,2.9,endemic,Victoria
Rastrineobola,argentea,Danionidae,pelagic,8,TL,3.4,native,Victoria
Lates,niloticus,Latidae,demersal,200,TL,4.5,introduced,Victoria
Mastacembelus,frenatus,Mastacembelidae,demersal,40,SL,3.9,native,Victoria
Chiloglanis,somereni,Mochokidae,benthopelagic,10,SL,3.2,native,Victoria
Synodontis,afrofischeri,Mochokidae,benthopelagic,17.7,SL,3.4,native,Victoria
Synodontis,ruandae,Mochokidae,benthopelagic,16.2,TL,2.9,endemic,Victoria
Synodontis,victoriae,Mochokidae,benthopelagic,35,SL,3.3,native,Victoria
Cyphomyrus,grahami,Mormyridae,benthopelagic,25,SL,3.2,native,Victoria
Gnathonemus,longibarbis,Mormyridae,demersal,36,TL,3.2,native,Victoria
Marcusenius,macrolepidotus,Mormyridae,demersal,32,TL,3.2,questionable,Victoria
Marcusenius,rheni,Mormyridae,demersal,20.8,TL,3.1,endemic,Victoria
Marcusenius,victoriae,Mormyridae,demersal,26,TL,3.3,native,Victoria
Mormyrus,kannume,Mormyridae,demersal,100,SL,3.2,native,Victoria
Mormyrus,macrocephalus,Mormyridae,demersal,42,TL,3.2,questionable,Victoria
Petrocephalus,catostoma,Mormyridae,demersal,15,FL,3.4,native,Victoria
Petrocephalus,degeni,Mormyridae,demersal,8.1,SL,3.2,endemic,Victoria
Pollimyrus,nigricans,Mormyridae,demersal,10,SL,3.4,native,Victoria
Nothobranchius,attenboroughi,Nothobranchiidae,benthopelagic,4.4,SL,3.2,endemic,Victoria
Nothobranchius,derhami,Nothobranchiidae,benthopelagic,3.8,SL,3.2,endemic,Victoria
Nothobranchius,moameensis,Nothobranchiidae,benthopelagic,4.3,SL,3.2,endemic,Victoria
Nothobranchius,ottoschmidti,Nothobranchiidae,benthopelagic,5.5,SL,3.2,native,Victoria
Nothobranchius,robustus,Nothobranchiidae,benthopelagic,5.5,TL,3.2,native,Victoria
Nothobranchius,sagittae,Nothobranchiidae,pelagic,3.9,SL,3.2,endemic,Victoria
Nothobranchius,serengetiensis,Nothobranchiidae,pelagic,4.8,SL,3.2,endemic,Victoria
Nothobranchius,skeltoni,Nothobranchiidae,benthopelagic,5.3,SL,3.2,endemic,Victoria
Nothobranchius,sonjae,Nothobranchiidae,benthopelagic,4.4,SL,3.2,native,Victoria
Nothobranchius,taeniopygus,Nothobranchiidae,benthopelagic,3.6,SL,3.2,native,Victoria
Nothobranchius,ugandensis,Nothobranchiidae,benthopelagic,5,SL,3.2,native,Victoria
Nothobranchius,venustus,Nothobranchiidae,benthopelagic,3.6,SL,3.2,endemic,Victoria
Gambusia,holbrooki,Poeciliidae,benthopelagic,8,TL,3.1,introduced,Victoria
Poecilia,reticulata,Poeciliidae,benthopelagic,6,SL,3.2,introduced,Victoria
Lacustricola,atripinna,Procatopodidae,benthopelagic,3.8,TL,3,questionable,Victoria
Lacustricola,bukobanus,Procatopodidae,benthopelagic,5,TL,3,native,Victoria
Lacustricola,centralis,Procatopodidae,benthopelagic,3.3,TL,3,native,Victoria
Lacustricola,pumilus,Procatopodidae,benthopelagic,5.5,TL,2.9,misidentification,Victoria
Lacustricola,vitschumbaensis,Procatopodidae,benthopelagic,5.5,TL,2.9,native,Victoria
Micropanchax,fuelleborni,Procatopodidae,benthopelagic,3.5,TL,3.1,questionable,Victoria
Micropanchax,loati,Procatopodidae,benthopelagic,4,TL,3.2,native,Victoria
Protopterus,aethiopicus,Protopteridae,demersal,200,TL,4.4,native,Victoria
Schilbe,intermedius,Schilbeidae,pelagic,50,SL,3.6,native,Victoria
Schilbe,mystus,Schilbeidae,demersal,35,SL,3.5,questionable,Victoria
Brycinus,imberi,Alestidae,demersal,19.8,TL,3.3,native,Malawi
Hemigrammopetersius,barnardi,Alestidae,pelagic,7,SL,3.4,native,Malawi
Amphilius,chalei,Amphiliidae,demersal,7,SL,3,native,Malawi
Zaireichthys,compactus,Amphiliidae,demersal,2.6,SL,3,native,Malawi
Zaireichthys,lacustris,Amphiliidae,benthopelagic,2.2,SL,3,endemic,Malawi
Zaireichthys,maravensis,Amphiliidae,benthopelagic,3.1,SL,3,endemic,Malawi
Zaireichthys,monomotapa,Amphiliidae,benthopelagic,4.1,SL,3,native,Malawi
Zaireichthys,rotundiceps,Amphiliidae,demersal,3.8,SL,3.4,misidentification,Malawi
Anguilla,labiata,Anguillidae,demersal,175,TL,3.8,native,Malawi
Bagrus,meridionalis,Bagridae,demersal,150,SL,3.9,native,Malawi
Bagrus,orientalis,Bagridae,demersal,44.7,TL,3.8,native,Malawi
Abactochromis,labrosus,Cichlidae,demersal,11.5,SL,3.4,endemic,Malawi
Alticorpus,geoffreyi,Cichlidae,benthopelagic,15.5,SL,2.7,endemic,Malawi
Alticorpus,macrocleithrum,Cichlidae,benthopelagic,12.7,SL,3.5,endemic,Malawi
Alticorpus,mentale,Cichlidae,benthopelagic,20.1,SL,2.7,endemic,Malawi
Alticorpus,peterdaviesi,Cichlidae,benthopelagic,15,TL,2,endemic,Malawi
Alticorpus,profundicola,Cichlidae,benthopelagic,12.4,SL,2.8,endemic,Malawi
Aristochromis,christyi,Cichlidae,benthopelagic,30,TL,4,endemic,Malawi
Astatotilapia,calliptera,Cichlidae,benthopelagic,15,SL,3,native,Malawi
Aulonocara,aquilonium,Cichlidae,benthopelagic,8.5,SL,3.5,native,Malawi
Aulonocara,auditor,Cichlidae,benthopelagic,8,SL,3.5,endemic,Malawi
Aulonocara,baenschi,Cichlidae,benthopelagic,13,TL,3.5,endemic,Malawi
Aulonocara,brevinidus,Cichlidae,benthopelagic,9.5,SL,3.5,endemic,Malawi
Aulonocara,brevirostre,Cichlidae,benthopelagic,8,SL,3.5,endemic,Malawi
Aulonocara,ethelwynnae,Cichlidae,benthopelagic,7.1,SL,3.5,endemic,Malawi
Aulonocara,gertrudae,Cichlidae,benthopelagic,11,SL,3.6,native,Malawi
Aulonocara,guentheri,Cichlidae,benthopelagic,15,TL,3.5,endemic,Malawi
Aulonocara,hansbaenschi,Cichlidae,benthopelagic,8.4,SL,3.5,endemic,Malawi
Aulonocara,hueseri,Cichlidae,benthopelagic,7.9,SL,3.5,endemic,Malawi
Aulonocara,jacobfreibergi,Cichlidae,benthopelagic,15,TL,3.6,endemic,Malawi
Aulonocara,kandeense,Cichlidae,benthopelagic,7.8,SL,3.5,endemic,Malawi
Aulonocara,koningsi,Cichlidae,benthopelagic,9.2,SL,3.5,endemic,Malawi
Aulonocara,korneliae,Cichlidae,benthopelagic,7.8,SL,3.5,endemic,Malawi
Aulonocara,maylandi,Cichlidae,benthopelagic,15,TL,3.5,endemic,Malawi
Aulonocara,nyassae,Cichlidae,benthopelagic,8,SL,3.5,endemic,Malawi
Aulonocara,rostratum,Cichlidae,benthopelagic,18,TL,3.5,endemic,Malawi
Aulonocara,saulosi,Cichlidae,benthopelagic,9.2,SL,3.5,endemic,Malawi
Aulonocara,steveni,Cichlidae,benthopelagic,8.9,SL,3.5,endemic,Malawi
Aulonocara,stonemani,Cichlidae,demersal,5.5,SL,3.3,endemic,Malawi
Aulonocara,stuartgranti,Cichlidae,benthopelagic,11.8,TL,3.5,endemic,Malawi
Aulonocara,trematocephalum,Cichlidae,benthopelagic,9,TL,3.5,endemic,Malawi
Buccochromis,atritaeniatus,Cichlidae,benthopelagic,28,TL,4.2,endemic,Malawi
Buccochromis,heterotaenia,Cichlidae,benthopelagic,40,TL,4.2,endemic,Malawi
Buccochromis,lepturus,Cichlidae,benthopelagic,41.7,TL,4.2,endemic,Malawi
Buccochromis,nototaenia,Cichlidae,benthopelagic,23,TL,4,endemic,Malawi
Buccochromis,oculatus,Cichlidae,benthopelagic,28,TL,4.1,endemic,Malawi
Buccochromis,rhoadesii,Cichlidae,benthopelagic,34.1,TL,4.2,endemic,Malawi
Buccochromis,spectabilis,Cichlidae,benthopelagic,25.6,TL,4.1,endemic,Malawi
Caprichromis,liemi,Cichlidae,benthopelagic,19.1,SL,4,endemic,Malawi
Caprichromis,orthognathus,Cichlidae,benthopelagic,19.5,TL,4,endemic,Malawi
Champsochromis,caeruleus,Cichlidae,benthopelagic,32.2,TL,4.2,endemic,Malawi
Champsochromis,spilorhynchus,Cichlidae,benthopelagic,30,TL,4.2,endemic,Malawi
Cheilochromis,euchilus,Cichlidae,benthopelagic,35,TL,3.2,endemic,Malawi
Chilotilapia,rhoadesii,Cichlidae,benthopelagic,22.5,TL,3.4,native,Malawi
Chindongo,ater,Cichlidae,benthopelagic,8.1,SL,2.4,endemic,Malawi
Chindongo,bellicosus,Cichlidae,benthopelagic,9.3,SL,2.5,endemic,Malawi
Chindongo,cyaneus,Cichlidae,demersal,7.8,SL,2.7,endemic,Malawi
Chindongo,demasoni,Cichlidae,demersal,6.3,SL,2.6,endemic,Malawi
Chindongo,elongatus,Cichlidae,demersal,9.5,SL,2.5,endemic,Malawi
Chindongo,flavus,Cichlidae,demersal,7.6,SL,3.4,endemic,Malawi
Chindongo,heteropictus,Cichlidae,demersal,8.6,SL,2.7,endemic,Malawi
Chindongo,longior,Cichlidae,demersal,8.7,SL,2,endemic,Malawi
Chindongo,minutus,Cichlidae,demersal,6.6,SL,2,endemic,Malawi
Chindongo,saulosi,Cichlidae,demersal,8.6,TL,2.6,endemic,Malawi
Chindongo,socolofi,Cichlidae,demersal,6.7,SL,2.6,endemic,Malawi
Copadichromis,atripinnis,Cichlidae,pelagic,10.3,SL,3.3,native,Malawi
Copadichromis,azureus,Cichlidae,benthopelagic,14.6,TL,3.4,endemic,Malawi
Copadichromis,borleyi,Cichlidae,benthopelagic,14,TL,3.4,endemic,Malawi
Copadichromis,chizumuluensis,Cichlidae,benthopelagic,10.6,SL,3.3,endemic,Malawi
Copadichromis,chrysonotus,Cichlidae,benthopelagic,16.3,TL,3.4,native,Malawi
Copadichromis,cyaneus,Cichlidae,benthopelagic,19,TL,3.4,endemic,Malawi
Copadichromis,cyanocephalus,Cichlidae,benthopelagic,9,SL,3.3,endemic,Malawi
Copadichromis,diplostigma,Cichlidae,benthopelagic,11.2,SL,3.4,endemic,Malawi
Copadichromis,geertsi,Cichlidae,benthopelagic,12.8,SL,3.4,endemic,Malawi
Copadichromis,ilesi,Cichlidae,benthopelagic,11.4,SL,3.4,endemic,Malawi
Copadichromis,insularis,Cichlidae,benthopelagic,11,SL,3.3,endemic,Malawi
Copadichromis,jacksoni,Cichlidae,benthopelagic,18.3,TL,3.4,endemic,Malawi
Copadichromis,likomae,Cichlidae,benthopelagic,14,TL,3.4,endemic,Malawi
Copadichromis,mbenjii,Cichlidae,benthopelagic,14,TL,3.4,endemic,Malawi
Copadichromis,melas,Cichlidae,demersal,8.9,SL,3.3,endemic,Malawi
Copadichromis,mloto,Cichlidae,benthopelagic,13.5,TL,3.3,endemic,Malawi
Copadichromis,nkatae,Cichlidae,benthopelagic,14.5,TL,2.8,endemic,Malawi
Copadichromis,parvus,Cichlidae,benthopelagic,9.6,SL,3.3,endemic,Malawi
Copadichromis,pleurostigma,Cichlidae,benthopelagic,19.5,TL,3.4,endemic,Malawi
Copadichromis,pleurostigmoides,Cichlidae,benthopelagic,16,TL,3.4,endemic,Malawi
Copadichromis,quadrimaculatus,Cichlidae,benthopelagic,20,TL,2.6,endemic,Malawi
Copadichromis,trewavasae,Cichlidae,benthopelagic,10.5,SL,3.3,endemic,Malawi
Copadichromis,trimaculatus,Cichlidae,benthopelagic,19.6,TL,3.4,endemic,Malawi
Copadichromis,verduyni,Cichlidae,benthopelagic,11,TL,3.3,endemic,Malawi
Copadichromis,virginalis,Cichlidae,demersal,13.2,TL,3,endemic,Malawi
Coptodon,rendalli,Cichlidae,benthopelagic,45,TL,2.3,native,Malawi
Corematodus,shiranus,Cichlidae,benthopelagic,27,TL,4.4,endemic,Malawi
Corematodus,taeniatus,Cichlidae,benthopelagic,19,TL,4.4,endemic,Malawi
Ctenopharynx,intermedius,Cichlidae,benthopelagic,21,TL,3.4,native,Malawi
Ctenopharynx,nitidus,Cichlidae,benthopelagic,13.9,TL,3.5,endemic,Malawi
Ctenopharynx,pictus,Cichlidae,benthopelagic,12.6,TL,3,endemic,Malawi
Cyathochromis,obliquidens,Cichlidae,benthopelagic,15,TL,2,native,Malawi
Cynotilapia,afra,Cichlidae,benthopelagic,10.1,SL,3.4,endemic,Malawi
Cynotilapia,aurifrons,Cichlidae,benthopelagic,7.3,SL,3.4,endemic,Malawi
Cynotilapia,axelrodi,Cichlidae,benthopelagic,7.7,SL,3.4,endemic,Malawi
Cynotilapia,chilundu,Cichlidae,benthopelagic,8.3,SL,3.4,endemic,Malawi
Cynotilapia,zebroides,Cichlidae,benthopelagic,9.3,SL,3.4,endemic,Malawi
Cyrtocara,moorii,Cichlidae,benthopelagic,20,TL,3.4,endemic,Malawi
Dimidiochromis,compressiceps,Cichlidae,benthopelagic,23,TL,4.2,endemic,Malawi
Dimidiochromis,dimidiatus,Cichlidae,benthopelagic,20,TL,4,endemic,Malawi
Dimidiochromis,kiwinge,Cichlidae,benthopelagic,30,TL,4.2,native,Malawi
Dimidiochromis,strigatus,Cichlidae,benthopelagic,24.4,TL,3.8,native,Malawi
Diplotaxodon,aeneus,Cichlidae,benthopelagic,14,SL,4,endemic,Malawi
Diplotaxodon,altus,Cichlidae,benthopelagic,16.2,SL,4,endemic,Malawi
Diplotaxodon,apogon,Cichlidae,benthopelagic,11.7,SL,3.9,endemic,Malawi
Diplotaxodon,argenteus,Cichlidae,benthopelagic,20.4,SL,4.2,endemic,Malawi
Diplotaxodon,dentatus,Cichlidae,benthopelagic,12,SL,3.9,endemic,Malawi
Diplotaxodon,ecclesi,Cichlidae,benthopelagic,14.6,SL,4.2,endemic,Malawi
Diplotaxodon,greenwoodi,Cichlidae,benthopelagic,24.7,SL,4.2,endemic,Malawi
Diplotaxodon,limnothrissa,Cichlidae,pelagic,15.4,SL,3.1,endemic,Malawi
Diplotaxodon,longimaxilla,Cichlidae,benthopelagic,18.1,SL,4.1,endemic,Malawi
Diplotaxodon,macrops,Cichlidae,benthopelagic,12.5,SL,2.8,endemic,Malawi
Docimodus,evelynae,Cichlidae,benthopelagic,20.1,SL,3.4,endemic,Malawi
Docimodus,johnstoni,Cichlidae,benthopelagic,25,TL,4.2,endemic,Malawi
Eclectochromis,lobochilus,Cichlidae,benthopelagic,12.5,TL,3.3,endemic,Malawi
Eclectochromis,ornatus,Cichlidae,benthopelagic,18.2,SL,3.4,endemic,Malawi
Exochochromis,anagenys,Cichlidae,benthopelagic,20,SL,4.2,endemic,Malawi
Fossorochromis,rostratus,Cichlidae,benthopelagic,24.4,TL,3.4,endemic,Malawi
Genyochromis,mento,Cichlidae,benthopelagic,12.6,TL,4.4,endemic,Malawi
Gephyrochromis,lawsi,Cichlidae,benthopelagic,12.8,TL,3.3,endemic,Malawi
Gephyrochromis,moorii,Cichlidae,benthopelagic,12,TL,3.3,endemic,Malawi
Hemitaeniochromis,brachyrhynchus,Cichlidae,pelagic,123.6,SL,3.8,endemic,Malawi
Hemitaeniochromis,urotaenia,Cichlidae,benthopelagic,22,TL,3.4,endemic,Malawi
Hemitilapia,oxyrhynchus,Cichlidae,benthopelagic,20,TL,2,native,Malawi
Iodotropheus,declivitas,Cichlidae,benthopelagic,6.5,SL,3.3,native,Malawi
Iodotropheus,sprengerae,Cichlidae,benthopelagic,10.8,SL,4,endemic,Malawi
Iodotropheus,stuartgranti,Cichlidae,benthopelagic,10,TL,3.3,endemic,Malawi
Labeotropheus,alticodia,Cichlidae,benthopelagic,8.6,SL,3.3,endemic,Malawi
Labeotropheus,artatorostris,Cichlidae,benthopelagic,11.5,SL,3.4,endemic,Malawi
Labeotropheus,aurantinfra,Cichlidae,benthopelagic,11.5,SL,3.4,endemic,Malawi
Labeotropheus,candipygia,Cichlidae,benthopelagic,9.7,SL,3.3,endemic,Malawi
Labeotropheus,chirangali,Cichlidae,benthopelagic,11.2,SL,3.3,endemic,Malawi
Labeotropheus,chlorosiglos,Cichlidae,benthopelagic,11.6,SL,3.4,endemic,Malawi
Labeotropheus,fuelleborni,Cichlidae,benthopelagic,30,SL,2.8,endemic,Malawi
Labeotropheus,obscurus,Cichlidae,benthopelagic,7.8,SL,3.3,endemic,Malawi
Labeotropheus,rubidorsalis,Cichlidae,benthopelagic,9.1,SL,3.3,endemic,Malawi
Labeotropheus,simoneae,Cichlidae,benthopelagic,11,,3.4,endemic,Malawi
Labeotropheus,trewavasae,Cichlidae,benthopelagic,11.7,TL,3.3,endemic,Malawi
Labidochromis,caeruleus,Cichlidae,benthopelagic,8.1,SL,2.6,endemic,Malawi
Labidochromis,chisumulae,Cichlidae,benthopelagic,6.6,SL,2.7,endemic,Malawi
Labidochromis,flavigulis,Cichlidae,benthopelagic,6.8,SL,2.7,endemic,Malawi
Labidochromis,freibergi,Cichlidae,benthopelagic,8,TL,2.7,endemic,Malawi
Labidochromis,gigas,Cichlidae,benthopelagic,10,SL,2.6,endemic,Malawi
Labidochromis,heterodon,Cichlidae,benthopelagic,7.3,SL,2.7,endemic,Malawi
Labidochromis,ianthinus,Cichlidae,benthopelagic,9,TL,2.7,endemic,Malawi
Labidochromis,joanjohnsonae,Cichlidae,demersal,10,TL,2.6,endemic,Malawi
Labidochromis,lividus,Cichlidae,benthopelagic,7.1,SL,2.7,endemic,Malawi
Labidochromis,maculicauda,Cichlidae,benthopelagic,6.4,SL,3.3,endemic,Malawi
Labidochromis,mathotho,Cichlidae,benthopelagic,8,TL,2.7,endemic,Malawi
Labidochromis,mbenjii,Cichlidae,benthopelagic,6.4,SL,2.7,endemic,Malawi
Labidochromis,mylodon,Cichlidae,benthopelagic,9,TL,2.7,endemic,Malawi
Labidochromis,pallidus,Cichlidae,benthopelagic,6.7,SL,2.7,endemic,Malawi
Labidochromis,shiranus,Cichlidae,benthopelagic,7.8,SL,2.7,endemic,Malawi
Labidochromis,strigatus,Cichlidae,benthopelagic,6.9,SL,2.7,endemic,Malawi
Labidochromis,textilis,Cichlidae,benthopelagic,7.7,SL,2.7,endemic,Malawi
Labidochromis,vellicans,Cichlidae,benthopelagic,6.7,SL,2,endemic,Malawi
Labidochromis,zebroides,Cichlidae,benthopelagic,8.5,TL,2.7,endemic,Malawi
Lethrinops,albus,Cichlidae,demersal,16.5,TL,3.2,endemic,Malawi
Lethrinops,altus,Cichlidae,demersal,15.8,TL,3.5,endemic,Malawi
Lethrinops,argenteus,Cichlidae,demersal,19,TL,3.2,endemic,Malawi
Lethrinops,atrilabris,Cichlidae,benthopelagic,7.3,SL,3.1,endemic,Malawi
Lethrinops,auritus,Cichlidae,demersal,14,TL,3,endemic,Malawi
Lethrinops,christyi,Cichlidae,demersal,18.3,TL,3.2,endemic,Malawi
Lethrinops,furcifer,Cichlidae,demersal,19.5,TL,3.2,endemic,Malawi
Lethrinops,gossei,Cichlidae,demersal,14.4,SL,3.2,endemic,Malawi
Lethrinops,leptodon,Cichlidae,demersal,20,TL,3.2,endemic,Malawi
Lethrinops,lethrinus,Cichlidae,demersal,20,TL,3.5,endemic,Malawi
Lethrinops,longimanus,Cichlidae,demersal,15.3,SL,3.2,endemic,Malawi
Lethrinops,longipinnis,Cichlidae,demersal,16,SL,3.3,endemic,Malawi
Lethrinops,lunaris,Cichlidae,benthopelagic,18.6,TL,3.2,endemic,Malawi
Lethrinops,macracanthus,Cichlidae,demersal,20,TL,2.8,endemic,Malawi
Lethrinops,macrochir,Cichlidae,demersal,13,TL,3.2,endemic,Malawi
Lethrinops,marginatus,Cichlidae,demersal,11,SL,3.5,endemic,Malawi
Lethrinops,micrentodon,Cichlidae,demersal,11.5,TL,2,endemic,Malawi
Lethrinops,microdon,Cichlidae,demersal,13.1,SL,2,endemic,Malawi
Lethrinops,microstoma,Cichlidae,demersal,14.5,TL,3.5,endemic,Malawi
Lethrinops,mylodon,Cichlidae,demersal,20.2,SL,3.4,endemic,Malawi
Lethrinops,oculatus,Cichlidae,benthopelagic,13.5,TL,3.2,endemic,Malawi
Lethrinops,parvidens,Cichlidae,demersal,14,SL,3.3,endemic,Malawi
Lethrinops,stridei,Cichlidae,demersal,13,SL,2,endemic,Malawi
Lethrinops,turneri,Cichlidae,benthopelagic,9.4,SL,3.2,endemic,Malawi
Lichnochromis,acuticeps,Cichlidae,demersal,14,TL,3.4,endemic,Malawi
Maylandia,aurora,Cichlidae,demersal,8.7,SL,2,native,Malawi
Maylandia,barlowi,Cichlidae,demersal,8.1,SL,3.4,endemic,Malawi
Maylandia,benetos,Cichlidae,demersal,8.1,SL,2.3,native,Malawi
Maylandia,callainos,Cichlidae,benthopelagic,8,SL,2.3,native,Malawi
Maylandia,chrysomallos,Cichlidae,demersal,9,SL,2.2,endemic,Malawi
Maylandia,cyneusmarginata,Cichlidae,demersal,8,SL,2.3,native,Malawi
Maylandia,emmiltos,Cichlidae,demersal,8.4,SL,2.3,native,Malawi
Maylandia,estherae,Cichlidae,demersal,7.9,SL,2,native,Malawi
Maylandia,fainzilberi,Cichlidae,demersal,12.9,TL,2.2,endemic,Malawi
Maylandia,flavicauda,Cichlidae,benthopelagic,10.1,SL,2.2,endemic,Malawi
Maylandia,flavifemina,Cichlidae,benthopelagic,8.5,SL,2.3,endemic,Malawi
Maylandia,glaucos,Cichlidae,benthopelagic,6.9,SL,2.3,endemic,Malawi
Maylandia,greshakei,Cichlidae,demersal,13.4,TL,2,endemic,Malawi
Maylandia,hajomaylandi,Cichlidae,demersal,12,TL,3.4,endemic,Malawi
Maylandia,koningsi,Cichlidae,benthopelagic,5.7,SL,2.4,endemic,Malawi
Maylandia,lanisticola,Cichlidae,demersal,6.1,SL,2.4,endemic,Malawi
Maylandia,lombardoi,Cichlidae,demersal,8.7,SL,2.7,endemic,Malawi
Maylandia,lundoensis,Cichlidae,pelagic,8.3,SL,2.3,endemic,Malawi
Maylandia,mbenjii,Cichlidae,demersal,8.8,SL,2.2,native,Malawi
Maylandia,midomo,Cichlidae,pelagic,9.8,SL,2.2,endemic,Malawi
Maylandia,mossambica,Cichlidae,benthopelagic,8,SL,2.3,endemic,Malawi
Maylandia,nigrodorsalis,Cichlidae,pelagic,8.3,SL,2.3,endemic,Malawi
Maylandia,nkhunguensis,Cichlidae,benthopelagic,7.3,SL,2.3,endemic,Malawi
Maylandia,pambazuko,Cichlidae,pelagic,7.6,SL,2.3,endemic,Malawi
Maylandia,phaeos,Cichlidae,demersal,8.7,SL,2.2,native,Malawi
Maylandia,pulpican,Cichlidae,benthopelagic,7.1,SL,2.3,endemic,Malawi
Maylandia,pyrsonotos,Cichlidae,demersal,8.6,SL,2.2,endemic,Malawi
Maylandia,sciasma,Cichlidae,benthopelagic,7.1,SL,2.3,endemic,Malawi
Maylandia,tarakiki,Cichlidae,pelagic,11.9,SL,2.1,endemic,Malawi
Maylandia,usisyae,Cichlidae,benthopelagic,7.5,SL,2.3,endemic,Malawi
Maylandia,xanstomachus,Cichlidae,demersal,12.5,TL,2,endemic,Malawi
Maylandia,xanthos,Cichlidae,benthopelagic,4.9,SL,2.5,endemic,Malawi
Maylandia,zebra,Cichlidae,demersal,11.3,SL,2.3,endemic,Malawi
Mchenga,conophoros,Cichlidae,benthopelagic,11.1,SL,3.4,endemic,Malawi
Mchenga,cyclicos,Cichlidae,benthopelagic,12.1,SL,3.4,endemic,Malawi
Mchenga,eucinostomus,Cichlidae,benthopelagic,14,TL,3,endemic,Malawi
Mchenga,flavimanus,Cichlidae,benthopelagic,12,TL,3.4,endemic,Malawi
Mchenga,inornata,Cichlidae,benthopelagic,10,TL,3.4,endemic,Malawi
Mchenga,thinos,Cichlidae,benthopelagic,7.8,SL,3.4,endemic,Malawi
Melanochromis,auratus,Cichlidae,demersal,11,TL,2,endemic,Malawi
Melanochromis,baliodigma,Cichlidae,benthopelagic,8.6,SL,4.3,endemic,Malawi
Melanochromis,chipokae,Cichlidae,demersal,12,SL,4.2,endemic,Malawi
Melanochromis,dialeptos,Cichlidae,benthopelagic,8,SL,2,endemic,Malawi
Melanochromis,heterochromis,Cichlidae,demersal,9.7,SL,3.3,endemic,Malawi
Melanochromis,kaskazini,Cichlidae,benthopelagic,10.4,SL,3.4,endemic,Malawi
Melanochromis,lepidiadaptes,Cichlidae,benthopelagic,8.7,SL,4.4,endemic,Malawi
Melanochromis,loriae,Cichlidae,benthopelagic,11.4,SL,3.4,endemic,Malawi
Melanochromis,melanopterus,Cichlidae,demersal,11.4,SL,3.4,endemic,Malawi
Melanochromis,mossambiquensis,Cichlidae,benthopelagic,7.6,SL,3.3,endemic,Malawi
Melanochromis,mpoto,Cichlidae,benthopelagic,9.1,SL,3.3,endemic,Malawi
Melanochromis,robustus,Cichlidae,benthopelagic,12.4,SL,3.4,endemic,Malawi
Melanochromis,simulans,Cichlidae,demersal,7.4,SL,3.3,endemic,Malawi
Melanochromis,vermivorus,Cichlidae,demersal,7.4,SL,2.7,endemic,Malawi
Melanochromis,wochepa,Cichlidae,benthopelagic,6.5,SL,3.3,endemic,Malawi
Mylochromis,anaphyrmus,Cichlidae,demersal,20.4,TL,3.5,endemic,Malawi
Mylochromis,balteatus,Cichlidae,demersal,16.2,TL,3.5,endemic,Malawi
Mylochromis,chekopae,Cichlidae,demersal,12.2,SL,3,endemic,Malawi
Mylochromis,ensatus,Cichlidae,demersal,20.7,SL,3.6,endemic,Malawi
Mylochromis,epichorialis,Cichlidae,demersal,20,TL,3.5,endemic,Malawi
Mylochromis,ericotaenia,Cichlidae,demersal,20.6,TL,3.5,endemic,Malawi
Mylochromis,formosus,Cichlidae,benthopelagic,12.7,TL,4,endemic,Malawi
Mylochromis,gracilis,Cichlidae,demersal,22,TL,4,endemic,Malawi
Mylochromis,guentheri,Cichlidae,demersal,20,TL,3.5,endemic,Malawi
Mylochromis,incola,Cichlidae,demersal,19.9,TL,3.5,endemic,Malawi
Mylochromis,labidodon,Cichlidae,benthopelagic,18,TL,3.5,endemic,Malawi
Mylochromis,lateristriga,Cichlidae,benthopelagic,20.7,TL,3.5,endemic,Malawi
Mylochromis,melanonotus,Cichlidae,demersal,26,TL,3.6,endemic,Malawi
Mylochromis,melanotaenia,Cichlidae,benthopelagic,20,TL,3.5,endemic,Malawi
Mylochromis,mola,Cichlidae,demersal,18,TL,3.6,endemic,Malawi
Mylochromis,mollis,Cichlidae,benthopelagic,16,TL,3.5,endemic,Malawi
Mylochromis,obtusus,Cichlidae,benthopelagic,22,TL,3.6,endemic,Malawi
Mylochromis,plagiotaenia,Cichlidae,demersal,11,TL,3.4,endemic,Malawi
Mylochromis,semipalatus,Cichlidae,benthopelagic,18.5,TL,3.5,endemic,Malawi
Mylochromis,sphaerodon,Cichlidae,demersal,14,TL,3.5,endemic,Malawi
Mylochromis,spilostichus,Cichlidae,demersal,22.2,TL,4.2,endemic,Malawi
Naevochromis,chrysogaster,Cichlidae,demersal,17.9,TL,4,endemic,Malawi
Nimbochromis,fuscotaeniatus,Cichlidae,demersal,25,TL,4.2,endemic,Malawi
Nimbochromis,linni,Cichlidae,demersal,25,TL,4.2,endemic,Malawi
Nimbochromis,livingstonii,Cichlidae,demersal,25,TL,4.2,native,Malawi
Nimbochromis,polystigma,Cichlidae,demersal,23,TL,4.2,endemic,Malawi
Nimbochromis,venustus,Cichlidae,demersal,25,TL,4.2,endemic,Malawi
Nyassachromis,boadzulu,Cichlidae,benthopelagic,14,TL,3.4,endemic,Malawi
Nyassachromis,breviceps,Cichlidae,demersal,15.4,TL,2,endemic,Malawi
Nyassachromis,leuciscus,Cichlidae,demersal,16,TL,2.5,endemic,Malawi
Nyassachromis,microcephalus,Cichlidae,demersal,15,TL,3.4,endemic,Malawi
Nyassachromis,nigritaeniatus,Cichlidae,demersal,21,TL,3.4,endemic,Malawi
Nyassachromis,prostoma,Cichlidae,benthopelagic,11.5,TL,3.3,endemic,Malawi
Nyassachromis,purpurans,Cichlidae,demersal,18,TL,3.4,endemic,Malawi
Nyassachromis,serenus,Cichlidae,demersal,25,TL,3.4,endemic,Malawi
Oreochromis,chungruruensis,Cichlidae,benthopelagic,15.4,SL,2.4,endemic,Malawi
Oreochromis,karongae,Cichlidae,benthopelagic,42,TL,2,endemic,Malawi
Oreochromis,leucostictus,Cichlidae,benthopelagic,36.3,SL,2.3,introduced,Malawi
Oreochromis,lidole,Cichlidae,benthopelagic,38,SL,2.3,native,Malawi
Oreochromis,niloticus,Cichlidae,benthopelagic,60,SL,2,introduced,Malawi
Oreochromis,saka,Cichlidae,benthopelagic,36,SL,2,endemic,Malawi
Oreochromis,shiranus,Cichlidae,benthopelagic,39,SL,2.5,native,Malawi
Oreochromis,squamipinnis,Cichlidae,benthopelagic,36,SL,2.1,endemic,Malawi
Otopharynx,aletes,Cichlidae,benthopelagic,10.7,SL,3.4,endemic,Malawi
Otopharynx,alpha,Cichlidae,benthopelagic,14.1,SL,3.4,endemic,Malawi
Otopharynx,antron,Cichlidae,demersal,9.9,SL,3.4,endemic,Malawi
Otopharynx,argyrosoma,Cichlidae,demersal,15.2,TL,3.5,endemic,Malawi
Otopharynx,auromarginatus,Cichlidae,demersal,24.5,TL,2,endemic,Malawi
Otopharynx,brooksi,Cichlidae,demersal,15,TL,4.2,endemic,Malawi
Otopharynx,decorus,Cichlidae,demersal,18,TL,3.5,endemic,Malawi
Otopharynx,heterodon,Cichlidae,demersal,12.8,TL,3.4,endemic,Malawi
Otopharynx,lithobates,Cichlidae,demersal,16,TL,2,endemic,Malawi
Otopharynx,mumboensis,Cichlidae,benthopelagic,11.6,SL,3.4,endemic,Malawi
Otopharynx,ovatus,Cichlidae,demersal,20,TL,4,endemic,Malawi
Otopharynx,pachycheilus,Cichlidae,demersal,16.5,SL,3.5,endemic,Malawi
Otopharynx,panniculus,Cichlidae,benthopelagic,7.3,SL,3.3,endemic,Malawi
Otopharynx,peridodeka,Cichlidae,benthopelagic,9.2,SL,3.3,endemic,Malawi
Otopharynx,selenurus,Cichlidae,demersal,17.5,TL,2.8,endemic,Malawi
Otopharynx,speciosus,Cichlidae,demersal,25.2,TL,4.2,endemic,Malawi
Otopharynx,spelaeotes,Cichlidae,demersal,11.7,SL,3.4,endemic,Malawi
Otopharynx,styrax,Cichlidae,benthopelagic,11.7,SL,3.4,endemic,Malawi
Otopharynx,tetraspilus,Cichlidae,demersal,15.6,TL,2.7,endemic,Malawi
Otopharynx,tetrastigma,Cichlidae,demersal,16,TL,3.4,native,Malawi
Pallidochromis,tokolosh,Cichlidae,demersal,28,SL,3.5,endemic,Malawi
Petrotilapia,chrysos,Cichlidae,benthopelagic,13.1,SL,3.4,native,Malawi
Petrotilapia,flaviventris,Cichlidae,pelagic,11.1,SL,3.3,endemic,Malawi
Petrotilapia,genalutea,Cichlidae,demersal,13.1,SL,2,endemic,Malawi
Petrotilapia,microgalana,Cichlidae,benthopelagic,11.4,SL,3.3,endemic,Malawi
Petrotilapia,mumboensis,Cichlidae,pelagic,12.7,SL,3.4,endemic,Malawi
Petrotilapia,nigra,Cichlidae,demersal,12.2,SL,3.4,endemic,Malawi
Petrotilapia,palingnathos,Cichlidae,pelagic,11.8,SL,3.4,endemic,Malawi
Petrotilapia,pyroscelos,Cichlidae,pelagic,10.7,SL,3.3,endemic,Malawi
Petrotilapia,tridentiger,Cichlidae,demersal,17,TL,3.4,endemic,Malawi
Petrotilapia,xanthos,Cichlidae,pelagic,13,SL,3.4,endemic,Malawi
Placidochromis,acuticeps,Cichlidae,benthopelagic,10.3,SL,3.3,endemic,Malawi
Placidochromis,acutirostris,Cichlidae,benthopelagic,11.4,SL,3.3,endemic,Malawi
Placidochromis,argyrogaster,Cichlidae,benthopelagic,11.4,SL,3.3,endemic,Malawi
Placidochromis,boops,Cichlidae,benthopelagic,11.2,SL,3.3,endemic,Malawi
Placidochromis,borealis,Cichlidae,benthopelagic,6.5,SL,3.2,endemic,Malawi
Placidochromis,chilolae,Cichlidae,benthopelagic,7.4,SL,3.3,endemic,Malawi
Placidochromis,communis,Cichlidae,benthopelagic,7.7,SL,3.3,endemic,Malawi
Placidochromis,domirae,Cichlidae,benthopelagic,9.3,SL,3.3,endemic,Malawi
Placidochromis,ecclesi,Cichlidae,benthopelagic,6.3,SL,3.2,endemic,Malawi
Placidochromis,electra,Cichlidae,demersal,12,SL,2.8,endemic,Malawi
Placidochromis,elongatus,Cichlidae,benthopelagic,7.5,SL,3.3,endemic,Malawi
Placidochromis,fuscus,Cichlidae,benthopelagic,7.9,SL,3.3,endemic,Malawi
Placidochromis,hennydaviesae,Cichlidae,demersal,10,TL,3.3,endemic,Malawi
Placidochromis,intermedius,Cichlidae,benthopelagic,6.9,SL,3.2,endemic,Malawi
Placidochromis,johnstoni,Cichlidae,demersal,20,TL,3.5,native,Malawi
Placidochromis,koningsi,Cichlidae,benthopelagic,6.7,SL,3.2,endemic,Malawi
Placidochromis,lineatus,Cichlidae,benthopelagic,9.1,SL,3.3,endemic,Malawi
Placidochromis,longimanus,Cichlidae,demersal,14.5,TL,2,native,Malawi
Placidochromis,longirostris,Cichlidae,benthopelagic,12.8,SL,3.3,endemic,Malawi
Placidochromis,longus,Cichlidae,benthopelagic,4.9,SL,3.2,endemic,Malawi
Placidochromis,lukomae,Cichlidae,benthopelagic,7.3,SL,3.3,endemic,Malawi
Placidochromis,macroceps,Cichlidae,benthopelagic,5.3,SL,3.2,endemic,Malawi
Placidochromis,macrognathus,Cichlidae,benthopelagic,12.7,SL,3.3,endemic,Malawi
Placidochromis,mbunoides,Cichlidae,benthopelagic,7.3,SL,3.3,endemic,Malawi
Placidochromis,milomo,Cichlidae,demersal,18.7,SL,3.3,endemic,Malawi
Placidochromis,minor,Cichlidae,benthopelagic,4.9,SL,3.2,endemic,Malawi
Placidochromis,minutus,Cichlidae,benthopelagic,6.1,SL,3.2,endemic,Malawi
Placidochromis,msakae,Cichlidae,benthopelagic,7.9,SL,3.3,endemic,Malawi
Placidochromis,nigribarbis,Cichlidae,benthopelagic,6.4,SL,3.2,endemic,Malawi
Placidochromis,nkhatae,Cichlidae,benthopelagic,9.8,SL,3.3,endemic,Malawi
Placidochromis,nkhotakotae,Cichlidae,benthopelagic,6.5,SL,3.2,endemic,Malawi
Placidochromis,obscurus,Cichlidae,benthopelagic,6.2,SL,3.2,endemic,Malawi
Placidochromis,ordinarius,Cichlidae,benthopelagic,6.7,SL,3.2,endemic,Malawi
Placidochromis,orthognathus,Cichlidae,benthopelagic,10.3,SL,3.3,endemic,Malawi
Placidochromis,pallidus,Cichlidae,benthopelagic,7.8,SL,3.3,endemic,Malawi
Placidochromis,phenochilus,Cichlidae,benthopelagic,15.7,TL,3.3,endemic,Malawi
Placidochromis,platyrhynchos,Cichlidae,benthopelagic,10,SL,3.3,native,Malawi
Placidochromis,polli,Cichlidae,demersal,14.9,SL,3.4,endemic,Malawi
Placidochromis,rotundifrons,Cichlidae,benthopelagic,6.4,SL,3.2,endemic,Malawi
Placidochromis,subocularis,Cichlidae,demersal,16.2,TL,3.4,endemic,Malawi
Placidochromis,trewavasae,Cichlidae,benthopelagic,6.5,SL,3.2,endemic,Malawi
Placidochromis,turneri,Cichlidae,benthopelagic,8.6,SL,3.3,endemic,Malawi
Placidochromis,vulgaris,Cichlidae,benthopelagic,9.6,SL,3.3,endemic,Malawi
Protomelas,annectens,Cichlidae,benthopelagic,20,TL,3.3,endemic,Malawi
Protomelas,dejunctus,Cichlidae,benthopelagic,13.8,SL,2.7,native,Malawi
Protomelas,fenestratus,Cichlidae,benthopelagic,14,TL,3.2,endemic,Malawi
Protomelas,insignis,Cichlidae,benthopelagic,20.3,TL,2.5,endemic,Malawi
Protomelas,kirkii,Cichlidae,benthopelagic,18,TL,3.4,native,Malawi
Protomelas,krampus,Cichlidae,benthopelagic,18.1,SL,3.3,native,Malawi
Protomelas,labridens,Cichlidae,benthopelagic,18,TL,3.4,endemic,Malawi
Protomelas,macrodon,Cichlidae,benthopelagic,8.8,SL,3.2,endemic,Malawi
Protomelas,marginatus,Cichlidae,benthopelagic,16.6,TL,2,endemic,Malawi
Protomelas,pleurotaenia,Cichlidae,benthopelagic,14.1,TL,3.5,endemic,Malawi
Protomelas,similis,Cichlidae,benthopelagic,18,TL,2,endemic,Malawi
Protomelas,spilonotus,Cichlidae,benthopelagic,16.7,TL,3.4,endemic,Malawi
Protomelas,spilopterus,Cichlidae,benthopelagic,24,TL,3.3,endemic,Malawi
Protomelas,taeniolatus,Cichlidae,benthopelagic,11.3,TL,3.2,endemic,Malawi
Protomelas,triaenodon,Cichlidae,benthopelagic,15.4,TL,3.3,endemic,Malawi
Protomelas,virgatus,Cichlidae,benthopelagic,14,SL,3.3,endemic,Malawi
Pseudocrenilabrus,philander,Cichlidae,benthopelagic,13,TL,3.7,native,Malawi
Pseudotropheus,benetos,Cichlidae,benthopelagic,9.1,SL,4.2,endemic,Malawi
Pseudotropheus,brevis,Cichlidae,demersal,12,SL,2.8,endemic,Malawi
Pseudotropheus,crabro,Cichlidae,demersal,9.4,SL,3.8,endemic,Malawi
Pseudotropheus,cyaneorhabdos,Cichlidae,benthopelagic,7.5,SL,3.5,native,Malawi
Pseudotropheus,elegans,Cichlidae,demersal,13.2,SL,4,endemic,Malawi
Pseudotropheus,fuscoides,Cichlidae,demersal,12,TL,3.5,endemic,Malawi
Pseudotropheus,fuscus,Cichlidae,demersal,11,TL,2,endemic,Malawi
Pseudotropheus,galanos,Cichlidae,benthopelagic,8.8,SL,3.4,native,Malawi
Pseudotropheus,interruptus,Cichlidae,benthopelagic,9.8,TL,3.4,endemic,Malawi
Pseudotropheus,johannii,Cichlidae,benthopelagic,10,TL,2,endemic,Malawi
Pseudotropheus,livingstonii,Cichlidae,demersal,15,TL,3.7,endemic,Malawi
Pseudotropheus,perileucos,Cichlidae,benthopelagic,8,SL,2,endemic,Malawi
Pseudotropheus,perspicax,Cichlidae,demersal,8.1,TL,3.3,endemic,Malawi
Pseudotropheus,purpuratus,Cichlidae,demersal,10,SL,3.4,endemic,Malawi
Pseudotropheus,tursiops,Cichlidae,demersal,9.4,SL,2,endemic,Malawi
Pseudotropheus,williamsi,Cichlidae,benthopelagic,16.5,TL,3.4,endemic,Malawi
Rhamphochromis,esox,Cichlidae,demersal,42,SL,4.2,endemic,Malawi
Rhamphochromis,ferox,Cichlidae,demersal,45,TL,4.2,endemic,Malawi
Rhamphochromis,longiceps,Cichlidae,pelagic,28,TL,3.8,native,Malawi
Rhamphochromis,lucius,Cichlidae,demersal,40,TL,4.2,endemic,Malawi
Rhamphochromis,macrophthalmus,Cichlidae,demersal,29.8,SL,4.2,endemic,Malawi
Rhamphochromis,woodi,Cichlidae,demersal,42,TL,3.8,endemic,Malawi
Sciaenochromis,ahli,Cichlidae,demersal,20,TL,4.2,endemic,Malawi
Sciaenochromis,benthicola,Cichlidae,demersal,14,SL,4.1,endemic,Malawi
Sciaenochromis,fryeri,Cichlidae,demersal,11.5,SL,4.2,endemic,Malawi
Sciaenochromis,psammophilus,Cichlidae,demersal,11.6,SL,3.8,native,Malawi
Serranochromis,robustus,Cichlidae,demersal,56,TL,4.1,endemic,Malawi
Stigmatochromis,macrorhynchos,Cichlidae,benthopelagic,12.8,SL,4,endemic,Malawi
Stigmatochromis,melanchros,Cichlidae,benthopelagic,16.1,SL,4.1,endemic,Malawi
Stigmatochromis,modestus,Cichlidae,demersal,25,TL,4.2,endemic,Malawi
Stigmatochromis,pholidophorus,Cichlidae,demersal,10.8,TL,3.5,endemic,Malawi
Stigmatochromis,pleurospilus,Cichlidae,demersal,9,SL,3.8,endemic,Malawi
Stigmatochromis,woodi,Cichlidae,demersal,25,TL,4.2,endemic,Malawi
Taeniochromis,holotaenia,Cichlidae,demersal,22,TL,3.8,endemic,Malawi
Taeniolethrinops,cyrtonotus,Cichlidae,demersal,11.2,TL,3,endemic,Malawi
Taeniolethrinops,furcicauda,Cichlidae,demersal,21,TL,2.8,endemic,Malawi
Taeniolethrinops,laticeps,Cichlidae,demersal,30,TL,3,endemic,Malawi
Taeniolethrinops,praeorbitalis,Cichlidae,demersal,30,TL,3.2,endemic,Malawi
Tilapia,sparrmanii,Cichlidae,benthopelagic,23.5,TL,2.7,native,Malawi
Tramitichromis,brevis,Cichlidae,demersal,16.3,TL,3.2,endemic,Malawi
Tramitichromis,intermedius,Cichlidae,demersal,16,TL,3.3,endemic,Malawi
Tramitichromis,lituris,Cichlidae,demersal,16.8,TL,3.3,endemic,Malawi
Tramitichromis,trilineatus,Cichlidae,demersal,14,TL,3.5,endemic,Malawi
Tramitichromis,variabilis,Cichlidae,demersal,17.3,TL,3.2,endemic,Malawi
Trematocranus,labifer,Cichlidae,demersal,22.4,TL,3.1,endemic,Malawi
Trematocranus,microstoma,Cichlidae,demersal,23.2,TL,3.4,endemic,Malawi
Trematocranus,pachychilus,Cichlidae,benthopelagic,15.5,SL,3.3,endemic,Malawi
Trematocranus,placodon,Cichlidae,demersal,25,TL,3.4,native,Malawi
Tropheops,biriwira,Cichlidae,benthopelagic,6.9,SL,2.3,endemic,Malawi
Tropheops,gracilior,Cichlidae,demersal,11.2,TL,2.1,endemic,Malawi
Tropheops,kamtambo,Cichlidae,benthopelagic,9.3,SL,2.1,endemic,Malawi
Tropheops,kumwera,Cichlidae,benthopelagic,7.1,SL,2.2,endemic,Malawi
Tropheops,lucerna,Cichlidae,demersal,13.5,TL,2,endemic,Malawi
Tropheops,macrophthalmus,Cichlidae,demersal,11.5,TL,2.1,endemic,Malawi
Tropheops,microstoma,Cichlidae,demersal,9.8,SL,2.8,endemic,Malawi
Tropheops,modestus,Cichlidae,demersal,6.4,SL,2.3,endemic,Malawi
Tropheops,novemfasciatus,Cichlidae,demersal,9,SL,2,endemic,Malawi
Tropheops,romandi,Cichlidae,demersal,6.3,SL,2.3,endemic,Malawi
Tropheops,tropheops,Cichlidae,demersal,14,TL,2,endemic,Malawi
Tylochromis,polylepis,Cichlidae,demersal,43.5,NG,3,questionable,Malawi
Tyrannochromis,macrostoma,Cichlidae,demersal,30,TL,4.2,endemic,Malawi
Tyrannochromis,maculiceps,Cichlidae,demersal,29.5,TL,4.2,endemic,Malawi
Tyrannochromis,nigriventer,Cichlidae,demersal,17,SL,4.2,endemic,Malawi
Tyrannochromis,polyodon,Cichlidae,demersal,18.6,SL,4.1,endemic,Malawi
Bathyclarias,atribranchus,Clariidae,demersal,60,TL,3.1,endemic,Malawi
Bathyclarias,euryodon,Clariidae,demersal,105,TL,3.9,endemic,Malawi
Bathyclarias,filicibarbis,Clariidae,demersal,79.2,TL,4.1,endemic,Malawi
Bathyclarias,foveolatus,Clariidae,demersal,75,SL,3.8,endemic,Malawi
Bathyclarias,longibarbis,Clariidae,demersal,76,TL,3.8,endemic,Malawi
Bathyclarias,nyasensis,Clariidae,benthopelagic,100,SL,3.7,endemic,Malawi
Bathyclarias,rotundifrons,Clariidae,demersal,68.1,TL,3.8,endemic,Malawi
Bathyclarias,worthingtoni,Clariidae,demersal,80,SL,4,endemic,Malawi
Clarias,gariepinus,Clariidae,benthopelagic,170,TL,3.8,native,Malawi
Clarias,liocephalus,Clariidae,demersal,32,TL,3.3,native,Malawi
Clarias,ngamensis,Clariidae,demersal,73,TL,4.3,native,Malawi
Clarias,theodorae,Clariidae,demersal,35,SL,3.5,native,Malawi
Heterobranchus,longifilis,Clariidae,demersal,150,SL,3.7,native,Malawi
Enteromius,arcislongae,Cyprinidae,benthopelagic,6.4,SL,3,endemic,Malawi
Enteromius,atkinsoni,Cyprinidae,benthopelagic,3.2,SL,3,native,Malawi
Enteromius,eutaenia,Cyprinidae,benthopelagic,14,SL,3.2,questionable,Malawi
Enteromius,innocens,Cyprinidae,benthopelagic,8,TL,2.4,native,Malawi
Enteromius,litamba,Cyprinidae,benthopelagic,35,SL,4,endemic,Malawi
Enteromius,macrotaenia,Cyprinidae,benthopelagic,4,SL,3,native,Malawi
Enteromius,oligogrammus,Cyprinidae,benthopelagic,8.2,TL,3,native,Malawi
Enteromius,paludinosus,Cyprinidae,benthopelagic,15,SL,2.9,native,Malawi
Enteromius,radiatus,Cyprinidae,benthopelagic,12,SL,2.8,native,Malawi
Enteromius,seymouri,Cyprinidae,benthopelagic,10.8,SL,3,endemic,Malawi
Enteromius,trimaculatus,Cyprinidae,benthopelagic,15,SL,3.2,native,Malawi
Labeo,altivelis,Cyprinidae,benthopelagic,49,TL,2,native,Malawi
Labeo,cylindricus,Cyprinidae,benthopelagic,25,SL,2,native,Malawi
Labeo,mesops,Cyprinidae,benthopelagic,39,TL,2,native,Malawi
Labeo,worthingtoni,Cyprinidae,benthopelagic,26,TL,2.3,endemic,Malawi
Labeobarbus,johnstonii,Cyprinidae,benthopelagic,50,SL,2,native,Malawi
Labeobarbus,latirostris,Cyprinidae,benthopelagic,37,SL,3.2,endemic,Malawi
Labeobarbus,nthuwa,Cyprinidae,benthopelagic,23.6,SL,3.2,endemic,Malawi
Engraulicypris,sardella,Danionidae,demersal,13,TL,2.9,endemic,Malawi
Opsaridium,microcephalum,Danionidae,demersal,34,TL,3.4,endemic,Malawi
Opsaridium,microlepis,Danionidae,demersal,47,TL,3.5,endemic,Malawi
Mastacembelus,shiranus,Mastacembelidae,benthopelagic,26,TL,4,endemic,Malawi
Chiloglanis,neumanni,Mochokidae,benthopelagic,6.5,SL,2.8,native,Malawi
Synodontis,njassae,Mochokidae,benthopelagic,19.2,TL,3.1,native,Malawi
Cyphomyrus,discorhynchus,Mormyridae,demersal,31,SL,3.2,native,Malawi
Marcusenius,livingstonii,Mormyridae,demersal,30,SL,3.1,native,Malawi
Marcusenius,macrolepidotus,Mormyridae,demersal,32,TL,3.2,native,Malawi
Marcusenius,nyasensis,Mormyridae,demersal,30,SL,3.1,native,Malawi
Mormyrops,anguilloides,Mormyridae,demersal,150,TL,3.8,native,Malawi
Mormyrus,longirostris,Mormyridae,demersal,75,SL,3.3,native,Malawi
Petrocephalus,catostoma,Mormyridae,demersal,15,FL,3.4,native,Malawi
Pollimyrus,castelnaui,Mormyridae,demersal,7,SL,3.2,native,Malawi
Nothobranchius,wattersi,Nothobranchiidae,pelagic,5.3,SL,3.2,native,Malawi
Lacustricola,katangae,Procatopodidae,benthopelagic,5,TL,3.3,questionable,Malawi
Micropanchax,johnstoni,Procatopodidae,benthopelagic,8.5,TL,3.2,native,Malawi
Protopterus,annectens,Protopteridae,demersal,100,TL,3.8,introduced,Malawi
Schilbe,intermedius,Schilbeidae,pelagic,50,SL,3.6,error,Malawi
